FWSRM,USBRRM
21.4,38.00
21.5,38.00
21.6,38.00
21.7,38.00
21.8,38.00
21.9,38.00
22.0,38.00
22.1,38.00
22.2,38.00
22.3,38.00
22.4,38.00
22.5,38.00
22.6,38.00
22.7,38.00
22.8,38.00
22.9,38.00
23.0,38.00
23.1,38.00
23.2,38.00
23.3,38.00
23.4,38.00
23.5,38.00
23.6,38.00
23.7,38.00
23.8,38.00
23.9,38.00
24.0,38.00
24.1,38.00
24.2,38.00
24.3,38.00
24.4,38.00
24.5,38.00
24.6,38.00
24.7,38.00
24.8,38.00
24.9,38.00
25.0,38.00
25.1,38.00
25.2,38.00
25.3,38.00
25.4,38.00
25.5,38.00
25.6,38.00
25.7,38.00
25.8,38.00
25.9,38.00
26.0,38.00
26.1,38.00
26.2,38.00
26.3,38.00
26.4,38.00
26.5,38.00
26.6,38.00
26.7,38.00
26.8,38.00
26.9,38.00
27.0,38.00
27.1,38.00
27.2,38.00
27.3,38.00
27.4,38.00
27.5,38.00
27.6,38.00
27.7,38.00
27.8,38.00
27.9,38.00
28.0,38.00
28.1,38.00
28.2,38.00
28.3,38.00
28.4,38.00
28.5,38.00
28.6,38.00
28.7,38.00
28.8,38.00
28.9,38.00
29.0,38.00
29.1,38.00
29.2,38.00
29.3,38.00
29.4,38.00
29.5,38.00
29.6,38.00
29.7,38.00
29.8,38.00
29.9,38.00
30.0,38.00
30.1,38.00
30.2,38.00
30.3,38.00
30.4,38.00
30.5,38.00
30.6,38.00
30.7,38.00
30.8,38.00
30.9,38.00
31.0,38.00
31.1,38.00
31.2,38.00
31.3,38.00
31.4,38.00
31.5,38.00
31.6,38.00
31.7,38.00
31.8,38.00
31.9,38.00
32.0,38.00
32.1,38.00
32.2,38.00
32.3,38.00
32.4,38.00
32.5,38.00
32.6,38.00
32.7,38.00
32.8,38.00
32.9,38.00
33.0,38.00
33.1,38.00
33.2,38.00
33.3,38.00
33.4,38.00
33.5,38.00
33.6,38.00
33.7,38.00
33.8,38.00
33.9,38.00
34.0,38.00
34.1,38.00
34.2,38.00
34.3,38.00
34.4,38.00
34.5,38.14
34.6,38.22
34.7,38.37
34.8,38.47
34.9,38.56
35.0,38.69
35.1,38.80
35.2,38.89
35.3,38.98
35.4,39.09
35.5,39.20
35.6,39.27
35.7,39.36
35.8,39.44
35.9,39.52
36.0,39.61
36.1,39.69
36.2,39.77
36.3,39.85
36.4,39.96
36.5,40.05
36.6,40.15
36.7,40.25
36.8,40.33
36.9,40.44
37.0,40.55
37.1,40.65
37.2,40.73
37.3,40.84
37.4,40.92
37.5,41.01
37.6,41.10
37.7,41.19
37.8,41.28
37.9,41.37
38.0,41.45
38.1,41.56
38.2,41.65
38.3,41.75
38.4,41.84
38.5,41.94
38.6,42.03
38.7,42.14
38.8,42.23
38.9,42.32
39.0,42.42
39.1,42.50
39.2,42.62
39.3,42.70
39.4,42.78
39.5,42.86
39.6,42.95
39.7,43.03
39.8,43.13
39.9,43.21
40.0,43.31
40.1,43.39
40.2,43.49
40.3,43.58
40.4,43.68
40.5,43.78
40.6,43.87
40.7,43.97
40.8,44.07
40.9,44.17
41.0,44.26
41.1,44.36
41.2,44.46
41.3,44.55
41.4,44.65
41.5,44.74
41.6,44.85
41.7,44.94
41.8,45.04
41.9,45.14
42.0,45.24
42.1,45.33
42.2,45.43
42.3,45.52
42.4,45.62
42.5,45.71
42.6,45.80
42.7,45.89
42.8,45.99
42.9,46.09
43.0,46.20
43.1,46.28
43.2,46.38
43.3,46.48
43.4,46.58
43.5,46.66
43.6,46.77
43.7,46.87
43.8,46.96
43.9,47.05
44.0,47.13
44.1,47.22
44.2,47.30
44.3,47.39
44.4,47.48
44.5,47.58
44.6,47.67
44.7,47.76
44.8,47.85
44.9,47.94
45.0,48.03
45.1,48.13
45.2,48.22
45.3,48.31
45.4,48.42
45.5,48.51
45.6,48.61
45.7,48.71
45.8,48.80
45.9,48.90
46.0,49.00
46.1,49.09
46.2,49.19
46.3,49.29
46.4,49.38
46.5,49.48
46.6,49.57
46.7,49.69
46.8,49.78
46.9,49.87
47.0,49.94
47.1,50.04
47.2,50.12
47.3,50.21
47.4,50.30
47.5,50.39
47.6,50.47
47.7,50.56
47.8,50.64
47.9,50.72
48.0,50.80
48.1,50.89
48.2,50.97
48.3,51.05
48.4,51.14
48.5,51.22
48.6,51.32
48.7,51.40
48.8,51.48
48.9,51.57
49.0,51.66
49.1,51.74
49.2,51.84
49.3,51.95
49.4,52.03
49.5,52.12
49.6,52.22
49.7,52.32
49.8,52.42
49.9,52.51
50.0,52.61
50.1,52.71
50.2,52.81
50.3,52.90
50.4,53.00
50.5,53.08
50.6,53.17
50.7,53.26
50.8,53.35
50.9,53.45
51.0,53.54
51.1,53.64
51.2,53.73
51.3,53.84
51.4,53.92
51.5,54.02
51.6,54.11
51.7,54.20
51.8,54.29
51.9,54.39
52.0,54.48
52.1,54.58
52.2,54.67
52.3,54.75
52.4,54.85
52.5,54.94
52.6,55.03
52.7,55.11
52.8,55.21
52.9,55.29
53.0,55.37
53.1,55.45
53.2,55.53
53.3,55.61
53.4,55.71
53.5,55.79
53.6,55.88
53.7,55.97
53.8,56.07
53.9,56.15
54.0,56.23
54.1,56.34
54.2,56.43
54.3,56.52
54.4,56.63
54.5,56.71
54.6,56.80
54.7,56.90
54.8,56.99
54.9,57.08
55.0,57.18
55.1,57.28
55.2,57.38
55.3,57.46
55.4,57.55
55.5,57.65
55.6,57.75
55.7,57.85
55.8,57.94
55.9,58.05
56.0,58.14
56.1,58.24
56.2,58.33
56.3,58.42
56.4,58.53
56.5,58.62
56.6,58.71
56.7,58.81
56.8,58.90
56.9,58.99
57.0,59.08
57.1,59.18
57.2,59.28
57.3,59.37
57.4,59.46
57.5,59.55
57.6,59.64
57.7,59.73
57.8,59.82
57.9,59.91
58.0,60.00
58.1,60.09
58.2,60.16
58.3,60.25
58.4,60.32
58.5,60.41
58.6,60.50
58.7,60.59
58.8,60.68
58.9,60.76
59.0,60.85
59.1,60.94
59.2,61.04
59.3,61.14
59.4,61.21
59.5,61.31
59.6,61.40
59.7,61.49
59.8,61.59
59.9,61.67
60.0,61.75
60.1,61.83
60.2,61.91
60.3,62.00
60.4,62.08
60.5,62.16
60.6,62.25
60.7,62.33
60.8,62.42
60.9,62.50
61.0,62.58
61.1,62.68
61.2,62.77
61.3,62.87
61.4,62.97
61.5,63.05
61.6,63.16
61.7,63.25
61.8,63.34
61.9,63.43
62.0,63.52
62.1,63.60
62.2,63.69
62.3,63.79
62.4,63.87
62.5,63.97
62.6,64.08
62.7,64.15
62.8,64.24
62.9,64.33
63.0,64.41
63.1,64.52
63.2,64.61
63.3,64.70
63.4,64.79
63.5,64.88
63.6,64.97
63.7,65.06
63.8,65.14
63.9,65.22
64.0,65.33
64.1,65.42
64.2,65.52
64.3,65.61
64.4,65.71
64.5,65.81
64.6,65.91
64.7,66.01
64.8,66.10
64.9,66.20
65.0,66.30
65.1,66.39
65.2,66.48
65.3,66.59
65.4,66.66
65.5,66.74
65.6,66.83
65.7,66.93
65.8,67.03
65.9,67.10
66.0,67.21
66.1,67.30
66.2,67.40
66.3,67.51
66.4,67.58
66.5,67.70
66.6,67.79
66.7,67.88
66.8,67.98
66.9,68.07
67.0,68.16
67.1,68.25
67.2,68.34
67.3,68.42
67.4,68.50
67.5,68.58
67.6,68.66
67.7,68.74
67.8,68.82
67.9,68.91
68.0,68.99
68.1,69.07
68.2,69.14
68.3,69.22
68.4,69.30
68.5,69.37
68.6,69.44
68.7,69.52
68.8,69.59
68.9,69.67
69.0,69.74
69.1,69.82
69.2,69.89
69.3,69.97
69.4,70.05
69.5,70.12
69.6,70.20
69.7,70.28
69.8,70.35
69.9,70.43
70.0,70.52
70.1,70.58
70.2,70.67
70.3,70.74
70.4,70.82
70.5,70.90
70.6,70.97
70.7,71.04
70.8,71.13
70.9,71.21
71.0,71.29
71.1,71.37
71.2,71.46
71.3,71.53
71.4,71.62
71.5,71.71
71.6,71.78
71.7,71.88
71.8,71.96
71.9,72.04
72.0,72.11
72.1,72.21
72.2,72.29
72.3,72.38
72.4,72.46
72.5,72.55
72.6,72.63
72.7,72.71
72.8,72.79
72.9,72.88
73.0,72.95
73.1,73.03
73.2,73.11
73.3,73.19
73.4,73.27
73.5,73.35
73.6,73.42
73.7,73.52
73.8,73.59
73.9,73.67
74.0,73.75
74.1,73.83
74.2,73.93
74.3,74.01
74.4,74.10
74.5,74.19
74.6,74.27
74.7,74.36
74.8,74.44
74.9,74.53
75.0,74.61
75.1,74.69
75.2,74.78
75.3,74.86
75.4,74.94
75.5,75.02
75.6,75.11
75.7,75.19
75.8,75.27
75.9,75.35
76.0,75.44
76.1,75.52
76.2,75.59
76.3,75.67
76.4,75.75
76.5,75.84
76.6,75.92
76.7,75.99
76.8,76.07
76.9,76.16
77.0,76.24
77.1,76.33
77.2,76.42
77.3,76.49
77.4,76.57
77.5,76.66
77.6,76.74
77.7,76.82
77.8,76.90
77.9,77.00
78.0,77.09
78.1,77.17
78.2,77.25
78.3,77.33
78.4,77.43
78.5,77.51
78.6,77.58
78.7,77.66
78.8,77.74
78.9,77.83
79.0,77.91
79.1,78.00
79.2,78.07
79.3,78.15
79.4,78.23
79.5,78.33
79.6,78.40
79.7,78.49
79.8,78.57
79.9,78.66
80.0,78.74
80.1,78.82
80.2,78.90
80.3,78.97
80.4,79.05
80.5,79.14
80.6,79.22
80.7,79.30
80.8,79.39
80.9,79.46
81.0,79.55
81.1,79.63
81.2,79.71
81.3,79.80
81.4,79.88
81.5,79.97
81.6,80.07
81.7,80.15
81.8,80.23
81.9,80.30
82.0,80.36
82.1,80.44
82.2,80.52
82.3,80.61
82.4,80.69
82.5,80.76
82.6,80.85
82.7,80.93
82.8,81.01
82.9,81.10
83.0,81.19
83.1,81.28
83.2,81.37
83.3,81.47
83.4,81.54
83.5,81.63
83.6,81.71
83.7,81.80
83.8,81.89
83.9,81.98
84.0,82.06
84.1,82.14
84.2,82.22
84.3,82.31
84.4,82.40
84.5,82.48
84.6,82.57
84.7,82.67
84.8,82.76
84.9,82.83
85.0,82.92
85.1,83.02
85.2,83.10
85.3,83.19
85.4,83.28
85.5,83.37
85.6,83.45
85.7,83.54
85.8,83.64
85.9,83.72
86.0,83.81
86.1,83.90
86.2,83.97
86.3,84.08
86.4,84.17
86.5,84.25
86.6,84.34
86.7,84.44
86.8,84.52
86.9,84.60
87.0,84.69
87.1,84.78
87.2,84.85
87.3,84.95
87.4,85.04
87.5,85.12
87.6,85.21
87.7,85.30
87.8,85.39
87.9,85.48
88.0,85.57
88.1,85.67
88.2,85.74
88.3,85.83
88.4,85.92
88.5,86.00
88.6,86.08
88.7,86.17
88.8,86.25
88.9,86.34
89.0,86.43
89.1,86.52
89.2,86.61
89.3,86.69
89.4,86.78
89.5,86.87
89.6,86.95
89.7,87.05
89.8,87.16
89.9,87.28
90.0,87.39
90.1,87.50
90.2,87.61
90.3,87.72
90.4,87.84
90.5,87.95
90.6,88.07
90.7,88.18
90.8,88.30
90.9,88.41
91.0,88.52
91.1,88.65
91.2,88.76
91.3,88.88
91.4,89.01
91.5,89.11
91.6,89.22
91.7,89.33
91.8,89.45
91.9,89.56
92.0,89.68
92.1,89.79
92.2,89.90
92.3,90.02
92.4,90.12
92.5,90.23
92.6,90.36
92.7,90.46
92.8,90.57
92.9,90.67
93.0,90.80
93.1,90.92
93.2,91.03
93.3,91.15
93.4,91.27
93.5,91.39
93.6,91.51
93.7,91.61
93.8,91.75
93.9,91.86
94.0,91.98
94.1,92.10
94.2,92.22
94.3,92.34
94.4,92.45
94.5,92.57
94.6,92.70
94.7,92.81
94.8,92.93
94.9,93.04
95.0,93.15
95.1,93.27
95.2,93.37
95.3,93.48
95.4,93.59
95.5,93.69
95.6,93.80
95.7,93.92
95.8,94.03
95.9,94.15
96.0,94.27
96.1,94.38
96.2,94.49
96.3,94.60
96.4,94.71
96.5,94.82
96.6,94.92
96.7,95.03
96.8,95.13
96.9,95.26
97.0,95.35
97.1,95.47
97.2,95.58
97.3,95.70
97.4,95.81
97.5,95.93
97.6,96.03
97.7,96.14
97.8,96.26
97.9,96.37
98.0,96.48
98.1,96.60
98.2,96.71
98.3,96.83
98.4,96.93
98.5,97.05
98.6,97.17
98.7,97.27
98.8,97.40
98.9,97.52
99.0,97.62
99.1,97.73
99.2,97.84
99.3,97.93
99.4,98.05
99.5,98.15
99.6,98.25
99.7,98.36
99.8,98.47
99.9,98.59
100.0,98.70
100.1,98.82
100.2,98.93
100.3,99.05
100.4,99.17
100.5,99.28
100.6,99.38
100.7,99.49
100.8,99.61
100.9,99.72
101.0,99.85
101.1,99.95
101.2,100.05
101.3,100.16
101.4,100.26
101.5,100.36
101.6,100.49
101.7,100.60
101.8,100.71
101.9,100.82
102.0,100.92
102.1,101.02
102.2,101.13
102.3,101.22
102.4,101.34
102.5,101.45
102.6,101.57
102.7,101.67
102.8,101.79
102.9,101.89
103.0,102.00
103.1,102.10
103.2,102.21
103.3,102.33
103.4,102.44
103.5,102.56
103.6,102.67
103.7,102.78
103.8,102.90
103.9,103.01
104.0,103.13
104.1,103.24
104.2,103.34
104.3,103.45
104.4,103.58
104.5,103.70
104.6,103.81
104.7,103.93
104.8,104.04
104.9,104.16
105.0,104.28
105.1,104.39
105.2,104.50
105.3,104.63
105.4,104.74
105.5,104.84
105.6,104.95
105.7,105.07
105.8,105.18
105.9,105.28
106.0,105.39
106.1,105.51
106.2,105.62
106.3,105.73
106.4,105.85
106.5,105.97
106.6,106.09
106.7,106.19
106.8,106.31
106.9,106.43
107.0,106.53
107.1,106.63
107.2,106.77
107.3,106.86
107.4,106.98
107.5,107.08
107.6,107.21
107.7,107.32
107.8,107.44
107.9,107.55
108.0,107.67
108.1,107.78
108.2,107.90
108.3,108.02
108.4,108.14
108.5,108.25
108.6,108.35
108.7,108.46
108.8,108.58
108.9,108.68
109.0,108.79
109.1,108.92
109.2,109.03
109.3,109.15
109.4,109.27
109.5,109.38
109.6,109.50
109.7,109.61
109.8,109.74
109.9,109.84
110.0,109.95
110.1,110.07
110.2,110.16
110.3,110.29
110.4,110.40
110.5,110.52
110.6,110.62
110.7,110.73
110.8,110.86
110.9,110.96
111.0,111.06
111.1,111.18
111.2,111.28
111.3,111.39
111.4,111.52
111.5,111.60
111.6,111.73
111.7,111.82
111.8,111.94
111.9,112.07
112.0,112.16
112.1,112.27
112.2,112.37
112.3,112.47
112.4,112.57
112.5,112.67
112.6,112.80
112.7,112.91
112.8,113.03
112.9,113.14
113.0,113.25
113.1,113.36
113.2,113.47
113.3,113.56
113.4,113.68
113.5,113.82
113.6,113.92
113.7,114.03
113.8,114.13
113.9,114.24
114.0,114.36
114.1,114.48
114.2,114.56
114.3,114.68
114.4,114.80
114.5,114.92
114.6,115.03
114.7,115.14
114.8,115.26
114.9,115.37
115.0,115.48
115.1,115.59
115.2,115.70
115.3,115.81
115.4,115.89
115.5,115.99
115.6,116.08
115.7,116.17
115.8,116.26
115.9,116.35
116.0,116.43
116.1,116.52
116.2,116.60
116.3,116.69
116.4,116.79
116.5,116.87
116.6,116.96
116.7,117.06
116.8,117.15
116.9,117.28
117.0,117.38
117.1,117.45
117.2,117.53
117.3,117.63
117.4,117.72
117.5,117.80
117.6,117.87
117.7,117.98
117.8,118.07
117.9,118.16
118.0,118.23
118.1,118.34
118.2,118.45
118.3,118.55
118.4,118.64
118.5,118.75
118.6,118.84
118.7,118.94
118.8,119.03
118.9,119.11
119.0,119.19
119.1,119.28
119.2,119.36
119.3,119.44
119.4,119.52
119.5,119.61
119.6,119.69
119.7,119.78
119.8,119.85
119.9,119.95
120.0,120.04
120.1,120.13
120.2,120.22
120.3,120.32
120.4,120.42
120.5,120.52
120.6,120.61
120.7,120.71
120.8,120.80
120.9,120.89
121.0,120.98
121.1,121.08
121.2,121.16
121.3,121.25
121.4,121.34
121.5,121.43
121.6,121.51
121.7,121.61
121.8,121.70
121.9,121.89
122.0,121.93
122.1,122.04
122.2,122.12
122.3,122.22
122.4,122.30
122.5,122.38
122.6,122.49
122.7,122.59
122.8,122.69
122.9,122.79
123.0,122.88
123.1,122.99
123.2,123.06
123.3,123.17
123.4,123.26
123.5,123.36
123.6,123.45
123.7,123.54
123.8,123.62
123.9,123.73
124.0,123.83
124.1,123.92
124.2,124.02
124.3,124.12
124.4,124.20
124.5,124.30
124.6,124.40
124.7,124.49
124.8,124.59
124.9,124.67
125.0,124.77
125.1,124.85
125.2,124.95
125.3,125.04
125.4,125.13
125.5,125.24
125.6,125.32
125.7,125.43
125.8,125.51
125.9,125.61
126.0,125.70
126.1,125.79
126.2,125.89
126.3,125.98
126.4,126.08
126.5,126.18
126.6,126.28
126.7,126.37
126.8,126.47
126.9,126.55
127.0,126.63
127.1,126.72
127.2,126.82
127.3,126.90
127.4,126.99
127.5,127.09
127.6,127.19
127.7,127.28
127.8,127.38
127.9,127.48
128.0,127.57
128.1,127.66
128.2,127.74
128.3,127.82
128.4,127.91
128.5,127.99
128.6,128.08
128.7,128.17
128.8,128.27
128.9,128.36
129.0,128.45
129.1,128.55
129.2,128.64
129.3,128.73
129.4,128.81
129.5,128.90
129.6,129.00
129.7,129.07
129.8,129.18
129.9,129.27
130.0,129.36
130.1,129.44
130.2,129.53
130.3,129.62
130.4,129.72
130.5,129.81
130.6,129.89
130.7,129.99
130.8,130.07
130.9,130.17
131.0,130.27
131.1,130.36
131.2,130.46
131.3,130.58
131.4,130.67
131.5,130.77
131.6,130.86
131.7,130.97
131.8,131.07
131.9,131.15
132.0,131.27
132.1,131.38
132.2,131.48
132.3,131.59
132.4,131.70
132.5,131.79
132.6,131.91
132.7,132.01
132.8,132.12
132.9,132.21
133.0,132.32
133.1,132.43
133.2,132.54
133.3,132.64
133.4,132.75
133.5,132.86
133.6,132.97
133.7,133.05
133.8,133.15
133.9,133.25
134.0,133.35
134.1,133.46
134.2,133.56
134.3,133.67
134.4,133.77
134.5,133.86
134.6,133.98
134.7,134.08
134.8,134.18
134.9,134.29
135.0,134.38
135.1,134.49
135.2,134.60
135.3,134.71
135.4,134.82
135.5,134.92
135.6,135.03
135.7,135.14
135.8,135.24
135.9,135.34
136.0,135.44
136.1,135.55
136.2,135.65
136.3,135.76
136.4,135.86
136.5,135.97
136.6,136.07
136.7,136.18
136.8,136.28
136.9,136.39
137.0,136.48
137.1,136.59
137.2,136.70
137.3,136.80
137.4,136.90
137.5,137.00
137.6,137.11
137.7,137.23
137.8,137.31
137.9,137.43
138.0,137.55
138.1,137.65
138.2,137.75
138.3,137.86
138.4,137.96
138.5,138.07
138.6,138.17
138.7,138.27
138.8,138.38
138.9,138.47
139.0,138.56
139.1,138.66
139.2,138.74
139.3,138.83
139.4,138.92
139.5,139.03
139.6,139.13
139.7,139.21
139.8,139.30
139.9,139.40
140.0,139.50
140.1,139.59
140.2,139.68
140.3,139.78
140.4,139.87
140.5,139.97
140.6,140.06
140.7,140.16
140.8,140.25
140.9,140.35
141.0,140.44
141.1,140.54
141.2,140.64
141.3,140.75
141.4,140.86
141.5,140.96
141.6,141.07
141.7,141.17
141.8,141.28
141.9,141.38
142.0,141.50
142.1,141.60
142.2,141.70
142.3,141.80
142.4,141.90
142.5,142.00
142.6,142.11
142.7,142.21
142.8,142.31
142.9,142.41
143.0,142.51
143.1,142.62
143.2,142.73
143.3,142.84
143.4,142.93
143.5,143.03
143.6,143.13
143.7,143.22
143.8,143.33
143.9,143.42
144.0,143.52
144.1,143.62
144.2,143.72
144.3,143.81
144.4,143.90
144.5,144.01
144.6,144.10
144.7,144.18
144.8,144.29
144.9,144.38
145.0,144.47
145.1,144.57
145.2,144.67
145.3,144.77
145.4,144.86
145.5,144.95
145.6,145.04
145.7,145.14
145.8,145.25
145.9,145.36
146.0,145.46
146.1,145.57
146.2,145.68
146.3,145.77
146.4,145.88
146.5,145.98
146.6,146.10
146.7,146.19
146.8,146.30
146.9,146.40
147.0,146.50
147.1,146.60
147.2,146.71
147.3,146.81
147.4,146.92
147.5,147.02
147.6,147.12
147.7,147.22
147.8,147.33
147.9,147.44
148.0,147.54
148.1,147.65
148.2,147.75
148.3,147.84
148.4,147.94
148.5,148.04
148.6,148.13
148.7,148.23
148.8,148.32
148.9,148.42
149.0,148.51
149.1,148.61
149.2,148.71
149.3,148.82
149.4,148.92
149.5,149.03
149.6,149.14
149.7,149.24
149.8,149.34
149.9,149.45
150.0,149.56
150.1,149.65
150.2,149.75
150.3,149.85
150.4,149.95
150.5,150.05
150.6,150.14
150.7,150.25
150.8,150.34
150.9,150.44
151.0,150.56
151.1,150.65
151.2,150.77
151.3,150.86
151.4,150.96
151.5,151.07
151.6,151.17
151.7,151.27
151.8,151.37
151.9,151.48
152.0,151.59
152.1,151.70
152.2,151.81
152.3,151.92
152.4,152.02
152.5,152.12
152.6,152.24
152.7,152.34
152.8,152.42
152.9,152.51
153.0,152.73
153.1,152.78
153.2,152.89
153.3,152.98
153.4,153.08
153.5,153.18
153.6,153.29
153.7,153.40
153.8,153.50
153.9,153.60
154.0,153.71
154.1,153.81
154.2,153.93
154.3,154.04
154.4,154.14
154.5,154.24
154.6,154.34
154.7,154.44
154.8,154.54
154.9,154.65
155.0,154.75
155.1,154.85
155.2,154.97
155.3,155.06
155.4,155.19
155.5,155.29
155.6,155.38
155.7,155.49
155.8,155.61
155.9,155.71
156.0,155.81
156.1,155.92
156.2,156.03
156.3,156.13
156.4,156.22
156.5,156.34
156.6,156.44
156.7,156.54
156.8,156.64
156.9,156.75
157.0,156.88
157.1,156.99
157.2,157.10
157.3,157.21
157.4,157.32
157.5,157.45
157.6,157.54
157.7,157.64
157.8,157.74
157.9,157.86
158.0,157.95
158.1,158.05
158.2,158.15
158.3,158.26
158.4,158.37
158.5,158.48
158.6,158.60
158.7,158.71
158.8,158.81
158.9,158.92
159.0,159.04
159.1,159.14
159.2,159.25
159.3,159.34
159.4,159.44
159.5,159.54
159.6,159.64
159.7,159.74
159.8,159.83
159.9,159.94
160.0,160.08
160.1,160.17
160.2,160.29
160.3,160.39
160.4,160.54
160.5,160.62
160.6,160.73
160.7,160.83
160.8,160.93
160.9,161.04
161.0,161.13
161.1,161.24
161.2,161.34
161.3,161.45
161.4,161.55
161.5,161.66
161.6,161.76
161.7,161.86
161.8,161.96
161.9,162.06
162.0,162.18
162.1,162.27
162.2,162.38
162.3,162.46
162.4,162.57
162.5,162.66
162.6,162.77
162.7,162.86
162.8,163.00
162.9,163.08
163.0,163.18
163.1,163.29
163.2,163.39
163.3,163.49
163.4,163.60
163.5,163.69
163.6,163.82
163.7,163.91
163.8,164.03
163.9,164.13
164.0,164.22
164.1,164.32
164.2,164.44
164.3,164.54
164.4,164.64
164.5,164.74
164.6,164.85
164.7,164.94
164.8,165.04
164.9,165.15
165.0,165.26
165.1,165.37
165.2,165.47
165.3,165.58
165.4,165.68
165.5,165.79
165.6,165.89
165.7,165.99
165.8,166.09
165.9,166.19
166.0,166.30
166.1,166.39
166.2,166.49
166.3,166.59
166.4,166.68
166.5,166.78
166.6,166.87
166.7,166.96
166.8,167.05
166.9,167.14
167.0,167.24
167.1,167.33
167.2,167.42
167.3,167.51
167.4,167.61
167.5,167.70
167.6,167.80
167.7,167.90
167.8,167.99
167.9,168.08
168.0,168.17
168.1,168.27
168.2,168.36
168.3,168.47
168.4,168.57
168.5,168.66
168.6,168.75
168.7,168.84
168.8,168.93
168.9,169.03
169.0,169.14
169.1,169.22
169.2,169.33
169.3,169.40
169.4,169.44
169.5,169.55
169.6,169.65
169.7,169.75
169.8,169.86
169.9,169.96
170.0,170.06
170.1,170.18
170.2,170.28
170.3,170.38
170.4,170.48
170.5,170.59
170.6,170.70
170.7,170.82
170.8,170.92
170.9,171.02
171.0,171.11
171.1,171.23
171.2,171.32
171.3,171.43
171.4,171.54
171.5,171.63
171.6,171.74
171.7,171.85
171.8,171.96
171.9,172.06
172.0,172.16
172.1,172.27
172.2,172.38
172.3,172.49
172.4,172.60
172.5,172.70
172.6,172.81
172.7,172.91
172.8,173.03
172.9,173.13
173.0,173.24
173.1,173.34
173.2,173.45
173.3,173.56
173.4,173.65
173.5,173.77
173.6,173.86
173.7,173.98
173.8,174.08
173.9,174.19
174.0,174.29
174.1,174.41
174.2,174.51
174.3,174.62
174.4,174.72
174.5,174.83
174.6,174.95
174.7,175.05
174.8,175.14
174.9,175.25
175.0,175.35
175.1,175.46
175.2,175.57
175.3,175.68
175.4,175.78
175.5,175.89
175.6,175.99
175.7,176.10
175.8,176.19
175.9,176.30
176.0,176.40
176.1,176.50
176.2,176.59
176.3,176.69
176.4,176.78
176.5,176.90
176.6,177.00
176.7,177.10
176.8,177.24
176.9,177.32
177.0,177.41
177.1,177.51
177.2,177.61
177.3,177.69
177.4,177.85
177.5,177.93
177.6,178.04
177.7,178.15
177.8,178.24
177.9,178.35
178.0,178.45
178.1,178.56
178.2,178.66
178.3,178.77
178.4,178.88
178.5,179.00
178.6,179.10
178.7,179.20
178.8,179.30
178.9,179.40
179.0,179.51
179.1,179.60
179.2,179.70
179.3,179.80
179.4,179.90
179.5,180.00
179.6,180.09
179.7,180.20
179.8,180.30
179.9,180.41
180.0,180.50
180.1,180.64
180.2,180.73
180.3,180.84
180.4,180.95
180.5,181.05
180.6,181.16
180.7,181.27
180.8,181.37
180.9,181.50
181.0,181.60
181.1,181.70
181.2,181.79
181.3,181.89
181.4,181.97
181.5,182.06
181.6,182.16
181.7,182.27
181.8,182.36
181.9,182.46
182.0,182.56
182.1,182.65
182.2,182.75
182.3,182.85
182.4,182.96
182.5,183.06
182.6,183.18
182.7,183.27
182.8,183.37
182.9,183.44
183.0,183.54
183.1,183.63
183.2,183.73
183.3,183.83
183.4,183.93
183.5,184.03
183.6,184.12
183.7,184.21
183.8,184.30
183.9,184.40
184.0,184.52
184.1,184.60
184.2,184.71
184.3,184.82
184.4,184.92
184.5,185.03
184.6,185.13
184.7,185.26
184.8,185.36
184.9,185.47
185.0,185.57
185.1,185.68
185.2,185.78
185.3,185.89
185.4,185.99
185.5,186.11
185.6,186.21
185.7,186.32
185.8,186.42
185.9,186.52
186.0,186.63
186.1,186.73
186.2,186.83
186.3,186.93
186.4,187.03
186.5,187.13
186.6,187.22
186.7,187.31
186.8,187.42
186.9,187.52
187.0,187.61
187.1,187.71
187.2,187.83
187.3,187.91
187.4,188.02
187.5,188.12
187.6,188.20
187.7,188.31
187.8,188.42
187.9,188.52
188.0,188.62
188.1,188.73
188.2,188.83
188.3,188.93
188.4,189.05
188.5,189.15
188.6,189.25
188.7,189.33
188.8,189.43
188.9,189.53
189.0,189.62
189.1,189.72
189.2,189.82
189.3,189.92
189.4,190.02
189.5,190.12
189.6,190.21
189.7,190.32
189.8,190.42
189.9,190.53
190.0,190.64
190.1,190.75
190.2,190.86
190.3,190.95
190.4,191.06
190.5,191.16
190.6,191.26
190.7,191.37
190.8,191.47
190.9,191.57
191.0,191.68
191.1,191.78
191.2,191.89
191.3,191.99
191.4,192.09
191.5,192.22
191.6,192.32
191.7,192.41
191.8,192.54
191.9,192.62
192.0,192.73
192.1,192.82
192.2,192.91
192.3,193.02
192.4,193.10
192.5,193.19
192.6,193.27
192.7,193.36
192.8,193.45
192.9,193.56
193.0,193.64
193.1,193.74
193.2,193.82
193.3,193.92
193.4,194.02
193.5,194.10
193.6,194.20
193.7,194.30
193.8,194.40
193.9,194.49
194.0,194.58
194.1,194.68
194.2,194.77
194.3,194.87
194.4,194.96
194.5,195.06
194.6,195.17
194.7,195.27
194.8,195.37
194.9,195.47
195.0,195.56
195.1,195.67
195.2,195.76
195.3,195.85
195.4,195.95
195.5,196.05
195.6,196.13
195.7,196.24
195.8,196.34
195.9,196.45
196.0,196.55
196.1,196.70
196.2,196.79
196.3,196.88
196.4,197.00
196.5,197.10
196.6,197.21
196.7,197.32
196.8,197.42
196.9,197.53
197.0,197.63
197.1,197.75
197.2,197.85
197.3,197.95
197.4,198.05
197.5,198.16
197.6,198.26
197.7,198.37
197.8,198.48
197.9,198.58
198.0,198.68
198.1,198.79
198.2,198.89
198.3,199.00
198.4,199.11
198.5,199.21
198.6,199.32
198.7,199.43
198.8,199.51
198.9,199.63
199.0,199.73
199.1,199.83
199.2,199.94
199.3,200.04
199.4,200.14
199.5,200.23
199.6,200.32
199.7,200.41
199.8,200.50
199.9,200.59
200.0,200.68
200.1,200.78
200.2,200.86
200.3,200.95
200.4,201.06
200.5,201.16
200.6,201.26
200.7,201.36
200.8,201.45
200.9,201.55
201.0,201.65
201.1,201.74
201.2,201.84
201.3,201.95
201.4,202.03
201.5,202.12
201.6,202.21
201.7,202.30
201.8,202.39
201.9,202.48
202.0,202.57
202.1,202.67
202.2,202.78
202.3,202.86
202.4,202.96
202.5,203.08
202.6,203.17
202.7,203.28
202.8,203.39
202.9,203.49
203.0,203.59
203.1,203.71
203.2,203.81
203.3,203.90
203.4,204.01
203.5,204.11
203.6,204.20
203.7,204.32
203.8,204.44
203.9,204.54
204.0,204.65
204.1,204.75
204.2,204.85
204.3,204.96
204.4,205.05
204.5,205.15
204.6,205.25
204.7,205.35
204.8,205.45
204.9,205.55
205.0,205.65
205.1,205.75
205.2,205.85
205.3,205.96
205.4,206.07
205.5,206.17
205.6,206.27
205.7,206.37
205.8,206.46
205.9,206.56
206.0,206.66
206.1,206.75
206.2,206.84
206.3,206.94
206.4,207.03
206.5,207.12
206.6,207.22
206.7,207.32
206.8,207.41
206.9,207.51
207.0,207.60
207.1,207.69
207.2,207.80
207.3,207.92
207.4,208.02
207.5,208.13
207.6,208.24
207.7,208.33
207.8,208.44
207.9,208.56
208.0,208.66
208.1,208.79
208.2,208.89
208.3,208.98
208.4,209.10
208.5,209.20
208.6,209.31
208.7,209.40
208.8,209.49
208.9,209.58
209.0,209.68
209.1,209.77
209.2,209.87
209.3,209.95
209.4,210.05
