Date,URM,LRM,Distance,Year,month,dom
10/14/2002,80.8,74,6.8,2002,10,14
10/14/2002,76.6,74,2.6,2002,10,14
10/20/2002,82.9,74,8.9,2002,10,20
10/3/2002,78.3,74,4.3,2002,10,3
10/3/2002,78.2,74,4.2,2002,10,3
10/3/2002,76.6,74,2.6,2002,10,3
10/8/2002,79.9,74,5.9,2002,10,8
10/9/2002,79.6,74,5.6,2002,10,9
10/9/2002,79,74,5,2002,10,9
6/10/2002,79.6,74,5.6,2002,6,10
6/13/2002,64.1,57.5,6.6,2002,6,13
6/20/2002,82.2,74,8.2,2002,6,20
6/20/2002,76.6,74,2.6,2002,6,20
6/20/2002,74.6,74,0.6,2002,6,20
6/21/2002,84.9,74,10.9,2002,6,21
6/25/2002,64.1,57.5,6.6,2002,6,25
6/26/2002,91.9,74,17.9,2002,6,26
6/27/2002,85.1,74,11.1,2002,6,27
6/28/2002,84.7,74,10.7,2002,6,28
6/29/2002,92.4,74,18.4,2002,6,29
6/30/2002,85.1,74,11.1,2002,6,30
6/6/2002,84.1,74,10.1,2002,6,6
7/10/2002,94.7,74,20.7,2002,7,10
7/10/2002,94,74,20,2002,7,10
7/11/2002,94,74,20,2002,7,11
7/12/2002,95.1,74,21.1,2002,7,12
7/15/2002,94,74,20,2002,7,15
7/16/2002,93.1,74,19.1,2002,7,16
7/18/2002,93.1,74,19.1,2002,7,18
7/19/2002,91.9,74,17.9,2002,7,19
7/2/2002,94,74,20,2002,7,2
7/3/2002,94.6,74,20.6,2002,7,3
7/4/2002,94,74,20,2002,7,4
7/5/2002,86.4,74,12.4,2002,7,5
7/6/2002,92.5,74,18.5,2002,7,6
7/8/2002,93.3,74,19.3,2002,7,8
7/9/2002,93.3,74,19.3,2002,7,9
8/18/2002,91,74,17,2002,8,18
8/20/2002,116.1,74,42.1,2002,8,20
8/25/2002,76.6,74,2.6,2002,8,25
9/11/2002,93.2,74,19.2,2002,9,11
9/30/2002,79.9,74,5.9,2002,9,30
10/2/2003,87.1,74,13.1,2003,10,2
10/29/2003,97.2,74,23.2,2003,10,29
10/30/2003,92.6,74,18.6,2003,10,30
8/11/2003,71.8,57.5,14.3,2003,8,11
8/12/2003,61.2,57.5,3.7,2003,8,12
8/16/2003,61.2,57.5,3.7,2003,8,16
8/5/2003,68.7,57.5,11.2,2003,8,5
8/5/2003,64,57.5,6.5,2003,8,5
9/20/2003,94,74,20,2003,9,20
9/21/2003,94,74,20,2003,9,21
9/6/2003,107.7,74,33.7,2003,9,6
10/1/2004,109.1,74,35.1,2004,10,1
10/2/2004,109.1,74,35.1,2004,10,2
10/3/2004,104.5,74,30.5,2004,10,3
10/4/2004,97.4,74,23.4,2004,10,4
10/5/2004,94.8,74,20.8,2004,10,5
10/6/2004,104.5,74,30.5,2004,10,6
6/16/2004,75.6,74,1.6,2004,6,16
6/17/2004,80,74,6,2004,6,17
6/19/2004,84.3,74,10.3,2004,6,19
6/21/2004,89.8,74,15.8,2004,6,21
6/22/2004,90,74,16,2004,6,22
6/23/2004,90,74,16,2004,6,23
6/24/2004,154.9,152.5,2.4,2004,6,24
6/24/2004,92.3,74,18.3,2004,6,24
6/26/2004,154.9,152.5,2.4,2004,6,26
6/26/2004,93.9,74,19.9,2004,6,26
6/27/2004,94.2,74,20.2,2004,6,27
6/28/2004,156.5,152.5,4,2004,6,28
6/28/2004,94.4,74,20.4,2004,6,28
6/29/2004,87.9,74,13.9,2004,6,29
7/1/2004,83.6,74,9.6,2004,7,1
7/10/2004,95.7,74,21.7,2004,7,10
7/11/2004,162.5,152.5,10,2004,7,11
7/12/2004,163.6,152.5,11.1,2004,7,12
7/13/2004,163.4,152.5,10.9,2004,7,13
7/14/2004,162.7,152.5,10.2,2004,7,14
7/15/2004,164,152.5,11.5,2004,7,15
7/16/2004,164.3,152.5,11.8,2004,7,16
7/17/2004,136.3,132,4.3,2004,7,17
7/17/2004,100.1,74,26.1,2004,7,17
7/18/2004,135.7,132,3.7,2004,7,18
7/18/2004,99,74,25,2004,7,18
7/19/2004,164.3,152.5,11.8,2004,7,19
7/20/2004,164.5,152.5,12,2004,7,20
7/20/2004,99.5,74,25.5,2004,7,20
7/21/2004,99.8,74,25.8,2004,7,21
7/22/2004,135.3,132,3.3,2004,7,22
7/22/2004,99.5,74,25.5,2004,7,22
7/23/2004,135.8,132,3.8,2004,7,23
7/31/2004,160.8,152.5,8.3,2004,7,31
7/5/2004,154.5,152.5,2,2004,7,5
7/6/2004,155.4,152.5,2.9,2004,7,6
7/7/2004,155.5,152.5,3,2004,7,7
7/8/2004,159.8,152.5,7.3,2004,7,8
8/10/2004,164.3,152.5,11.8,2004,8,10
8/10/2004,90.9,74,16.9,2004,8,10
8/11/2004,116.2,74,42.2,2004,8,11
8/12/2004,88.1,74,14.1,2004,8,12
8/13/2004,164.6,152.5,12.1,2004,8,13
8/13/2004,99.5,74,25.5,2004,8,13
8/14/2004,164.9,152.5,12.4,2004,8,14
8/14/2004,99,74,25,2004,8,14
8/15/2004,164.8,152.5,12.3,2004,8,15
8/15/2004,116.2,74,42.2,2004,8,15
8/16/2004,134.3,132,2.3,2004,8,16
8/16/2004,96.8,74,22.8,2004,8,16
8/2/2004,164,152.5,11.5,2004,8,2
8/22/2004,164.9,152.5,12.4,2004,8,22
8/23/2004,167.4,152.5,14.9,2004,8,23
8/24/2004,166.5,152.5,14,2004,8,24
8/25/2004,167.3,152.5,14.8,2004,8,25
8/27/2004,167.3,152.5,14.8,2004,8,27
8/28/2004,135.4,132,3.4,2004,8,28
8/29/2004,166.8,152.5,14.3,2004,8,29
8/3/2004,81.4,74,7.4,2004,8,3
8/4/2004,155.9,152.5,3.4,2004,8,4
8/5/2004,155.9,152.5,3.4,2004,8,5
8/6/2004,155.9,152.5,3.4,2004,8,6
8/7/2004,162.9,152.5,10.4,2004,8,7
8/8/2004,163.9,152.5,11.4,2004,8,8
8/8/2004,163.6,152.5,11.1,2004,8,8
8/9/2004,164.3,152.5,11.8,2004,8,9
8/9/2004,164,152.5,11.5,2004,8,9
9/1/2004,104.5,74,30.5,2004,9,1
9/10/2004,110.1,74,36.1,2004,9,10
9/11/2004,109.5,74,35.5,2004,9,11
9/12/2004,99.1,74,25.1,2004,9,12
9/12/2004,99.1,74,25.1,2004,9,12
9/13/2004,109.1,74,35.1,2004,9,13
9/14/2004,109.1,74,35.1,2004,9,14
9/15/2004,109.8,74,35.8,2004,9,15
9/16/2004,137,132,5,2004,9,16
9/16/2004,109.8,74,35.8,2004,9,16
9/17/2004,110,74,36,2004,9,17
9/18/2004,110,74,36,2004,9,18
9/19/2004,109.1,74,35.1,2004,9,19
9/20/2004,109.1,74,35.1,2004,9,20
9/21/2004,109.1,74,35.1,2004,9,21
9/22/2004,163.8,152.5,11.3,2004,9,22
9/22/2004,108.9,74,34.9,2004,9,22
9/22/2004,99.8,74,25.8,2004,9,22
9/23/2004,164.3,152.5,11.8,2004,9,23
9/23/2004,108.9,74,34.9,2004,9,23
9/23/2004,99.8,74,25.8,2004,9,23
9/24/2004,164.5,152.5,12,2004,9,24
9/24/2004,108.9,74,34.9,2004,9,24
9/24/2004,99.8,74,25.8,2004,9,24
9/25/2004,108.2,74,34.2,2004,9,25
9/25/2004,99.8,74,25.8,2004,9,25
9/26/2004,164.9,152.5,12.4,2004,9,26
9/26/2004,108.2,74,34.2,2004,9,26
9/26/2004,99.8,74,25.8,2004,9,26
9/27/2004,107.6,74,33.6,2004,9,27
9/27/2004,99.8,74,25.8,2004,9,27
9/29/2004,99.8,74,25.8,2004,9,29
9/3/2004,105.8,74,31.8,2004,9,3
9/3/2004,100.1,74,26.1,2004,9,3
9/30/2004,107.6,74,33.6,2004,9,30
9/30/2004,99.8,74,25.8,2004,9,30
9/7/2004,135.4,132,3.4,2004,9,7
9/7/2004,106.2,74,32.2,2004,9,7
9/8/2004,163.6,152.5,11.1,2004,9,8
9/8/2004,98.9,74,24.9,2004,9,8
9/9/2004,108.9,74,34.9,2004,9,9
10/30/2005,58.6,57.5,1.1,2005,10,30
10/31/2005,72.5,57.5,15,2005,10,31
7/23/2005,72.2,57.5,14.7,2005,7,23
7/24/2005,76.2,74,2.2,2005,7,24
7/26/2005,77.5,74,3.5,2005,7,26
7/26/2005,72,57.5,14.5,2005,7,26
7/27/2005,77.5,74,3.5,2005,7,27
7/28/2005,81.6,74,7.6,2005,7,28
7/29/2005,84.4,74,10.4,2005,7,29
7/30/2005,85.8,74,11.8,2005,7,30
7/31/2005,84.8,74,10.8,2005,7,31
8/1/2005,84.8,74,10.8,2005,8,1
8/1/2005,65,57.5,7.5,2005,8,1
8/1/2005,64.6,57.5,7.1,2005,8,1
8/10/2005,92.6,74,18.6,2005,8,10
8/11/2005,92.1,74,18.1,2005,8,11
8/13/2005,75.8,74,1.8,2005,8,13
8/14/2005,72.6,57.5,15.1,2005,8,14
8/15/2005,69.5,57.5,12,2005,8,15
8/16/2005,67.8,57.5,10.3,2005,8,16
8/2/2005,91,74,17,2005,8,2
8/2/2005,64.9,57.5,7.4,2005,8,2
8/24/2005,72.1,57.5,14.6,2005,8,24
8/27/2005,155.3,152.5,2.8,2005,8,27
8/27/2005,86.1,74,12.1,2005,8,27
8/28/2005,155.9,152.5,3.4,2005,8,28
8/28/2005,83,74,9,2005,8,28
8/29/2005,83,74,9,2005,8,29
8/3/2005,91.4,74,17.4,2005,8,3
8/3/2005,64.8,57.5,7.3,2005,8,3
8/30/2005,82.1,74,8.1,2005,8,30
8/31/2005,81.9,74,7.9,2005,8,31
8/4/2005,91.6,74,17.6,2005,8,4
8/5/2005,92.7,74,18.7,2005,8,5
8/6/2005,85.1,74,11.1,2005,8,6
8/7/2005,92.4,74,18.4,2005,8,7
8/8/2005,91.1,74,17.1,2005,8,8
8/9/2005,92.3,74,18.3,2005,8,9
8/9/2005,92,74,18,2005,8,9
9/1/2005,81.9,74,7.9,2005,9,1
9/14/2005,80,74,6,2005,9,14
9/15/2005,90.6,74,16.6,2005,9,15
9/16/2005,90,74,16,2005,9,16
9/17/2005,90.9,74,16.9,2005,9,17
9/18/2005,91.1,74,17.1,2005,9,18
9/19/2005,90.9,74,16.9,2005,9,19
9/2/2005,81.9,74,7.9,2005,9,2
9/20/2005,91.2,74,17.2,2005,9,20
9/21/2005,93.5,74,19.5,2005,9,21
9/23/2005,84.6,74,10.6,2005,9,23
9/24/2005,152.5,152.5,0,2005,9,24
9/24/2005,94.5,74,20.5,2005,9,24
9/26/2005,94.4,74,20.4,2005,9,26
9/26/2005,84.3,74,10.3,2005,9,26
9/27/2005,94.6,74,20.6,2005,9,27
9/27/2005,68.6,57.5,11.1,2005,9,27
9/28/2005,95.9,74,21.9,2005,9,28
9/29/2005,94.9,74,20.9,2005,9,29
9/29/2005,73.9,57.5,16.4,2005,9,29
9/3/2005,82.9,74,8.9,2005,9,3
9/30/2005,72.1,57.5,14.6,2005,9,30
10/1/2006,88.3,74,14.3,2006,10,1
10/4/2006,86.3,74,12.3,2006,10,4
10/5/2006,156.2,152.5,3.7,2006,10,5
10/5/2006,88.5,74,14.5,2006,10,5
10/6/2006,156.7,152.5,4.2,2006,10,6
10/6/2006,88.9,74,14.9,2006,10,6
10/7/2006,90,74,16,2006,10,7
10/8/2006,89.8,74,15.8,2006,10,8
5/22/2006,78.4,74,4.4,2006,5,22
5/22/2006,77.7,74,3.7,2006,5,22
5/23/2006,78.3,74,4.3,2006,5,23
5/24/2006,76.6,74,2.6,2006,5,24
5/25/2006,74.6,74,0.6,2006,5,25
5/26/2006,74.5,74,0.5,2006,5,26
5/27/2006,74.8,74,0.8,2006,5,27
6/15/2006,75.6,74,1.6,2006,6,15
6/16/2006,76.8,74,2.8,2006,6,16
6/17/2006,81.4,74,7.4,2006,6,17
6/18/2006,81.8,74,7.8,2006,6,18
6/18/2006,80,74,6,2006,6,18
6/19/2006,81.4,74,7.4,2006,6,19
6/19/2006,79.9,74,5.9,2006,6,19
6/20/2006,82.1,74,8.1,2006,6,20
6/21/2006,81.6,74,7.6,2006,6,21
6/22/2006,83,74,9,2006,6,22
6/23/2006,84,74,10,2006,6,23
6/24/2006,85.7,74,11.7,2006,6,24
6/25/2006,88.1,74,14.1,2006,6,25
6/26/2006,89.6,74,15.6,2006,6,26
7/20/2006,159.5,152.5,7,2006,7,20
7/20/2006,77.2,74,3.2,2006,7,20
7/23/2006,87.1,74,13.1,2006,7,23
7/24/2006,84.2,74,10.2,2006,7,24
7/25/2006,86.9,74,12.9,2006,7,25
7/26/2006,92.3,74,18.3,2006,7,26
7/27/2006,84.3,74,10.3,2006,7,27
7/6/2006,80,74,6,2006,7,6
9/19/2006,75.8,74,1.8,2006,9,19
9/21/2006,83.3,74,9.3,2006,9,21
9/22/2006,81,74,7,2006,9,22
9/23/2006,80.5,74,6.5,2006,9,23
9/24/2006,80.3,74,6.3,2006,9,24
9/25/2006,80.5,74,6.5,2006,9,25
9/26/2006,154.9,152.5,2.4,2006,9,26
9/27/2006,154.9,152.5,2.4,2006,9,27
9/27/2006,74.5,74,0.5,2006,9,27
9/28/2006,154,152.5,1.5,2006,9,28
9/28/2006,78.8,74,4.8,2006,9,28
9/29/2006,154,152.5,1.5,2006,9,29
9/30/2006,83.2,74,9.2,2006,9,30
10/10/2007,81,74,7,2007,10,10
10/10/2007,155.5,152.5,3,2007,10,10
10/11/2007,155.5,152.5,3,2007,10,11
10/12/2007,155.5,152.5,3,2007,10,12
10/13/2007,155.5,152.5,3,2007,10,13
10/14/2007,155,152.5,2.5,2007,10,14
10/15/2007,155,152.5,2.5,2007,10,15
10/16/2007,155,152.5,2.5,2007,10,16
10/17/2007,155.5,152.5,3,2007,10,17
10/18/2007,155,152.5,2.5,2007,10,18
10/19/2007,157,152.5,4.5,2007,10,19
10/20/2007,158,152.5,5.5,2007,10,20
10/21/2007,159,152.5,6.5,2007,10,21
10/22/2007,160,152.5,7.5,2007,10,22
10/23/2007,160,152.5,7.5,2007,10,23
10/24/2007,157,152.5,4.5,2007,10,24
10/25/2007,159,152.5,6.5,2007,10,25
10/26/2007,159.5,152.5,7,2007,10,26
10/27/2007,159,152.5,6.5,2007,10,27
10/28/2007,159,152.5,6.5,2007,10,28
10/29/2007,158.5,152,6.5,2007,10,29
10/3/2007,82.5,74,8.5,2007,10,3
10/30/2007,158.5,152.5,6,2007,10,30
10/31/2007,160,152.5,7.5,2007,10,31
10/4/2007,78.5,74,4.5,2007,10,4
10/5/2007,156,152.5,3.5,2007,10,5
10/6/2007,82,74,8,2007,10,6
10/6/2007,155.5,152.5,3,2007,10,6
10/9/2007,82,74,8,2007,10,9
10/9/2007,155.5,152.5,3,2007,10,9
6/30/2007,76.5,74,2.5,2007,6,30
7/1/2007,76.5,74,2.5,2007,7,1
7/14/2007,88.5,74,14.5,2007,7,14
7/15/2007,90,74,16,2007,7,15
7/16/2007,90,74,16,2007,7,16
7/17/2007,90,74,16,2007,7,17
7/18/2007,91.5,74,17.5,2007,7,18
7/19/2007,93,74,19,2007,7,19
7/2/2007,84.5,74,10.5,2007,7,2
7/20/2007,95,74,21,2007,7,20
7/23/2007,98,74,24,2007,7,23
7/24/2007,96,74,22,2007,7,24
7/25/2007,83.5,74,9.5,2007,7,25
7/3/2007,84.5,74,10.5,2007,7,3
7/4/2007,88,74,14,2007,7,4
7/5/2007,85.5,74,11.5,2007,7,5
7/6/2007,84,74,10,2007,7,6
7/7/2007,74,74,0,2007,7,7
7/9/2007,159.1,152.5,6.6,2007,7,9
8/12/2007,154,152.5,1.5,2007,8,12
8/13/2007,153,152.5,0.5,2007,8,13
8/14/2007,154,152.5,1.5,2007,8,14
8/15/2007,155.5,152.5,3,2007,8,15
8/16/2007,158.5,152.5,6,2007,8,16
8/17/2007,96.5,90.5,6,2007,8,17
8/17/2007,158,152.5,5.5,2007,8,17
8/18/2007,91,90.5,0.5,2007,8,18
8/18/2007,152.5,152.5,0,2007,8,18
8/19/2007,89,84,5,2007,8,19
8/19/2007,161,152.5,8.5,2007,8,19
8/2/2007,78,74,4,2007,8,2
8/20/2007,80,74,6,2007,8,20
8/20/2007,89,84,5,2007,8,20
8/20/2007,161,152.5,8.5,2007,8,20
8/21/2007,89.5,74,15.5,2007,8,21
8/21/2007,152.5,152.5,0,2007,8,21
8/22/2007,89.5,74,15.5,2007,8,22
8/22/2007,152.5,152.5,0,2007,8,22
8/23/2007,90.5,74,16.5,2007,8,23
8/23/2007,152.5,152.5,0,2007,8,23
8/24/2007,90.5,74,16.5,2007,8,24
8/24/2007,158.5,152.5,6,2007,8,24
8/25/2007,92,74,18,2007,8,25
8/25/2007,153,152.5,0.5,2007,8,25
8/26/2007,85.5,76.5,9,2007,8,26
8/27/2007,86,76.5,9.5,2007,8,27
8/27/2007,158.5,152.5,6,2007,8,27
8/28/2007,157,152.5,4.5,2007,8,28
8/29/2007,91,74,17,2007,8,29
8/29/2007,152.5,152.5,0,2007,8,29
8/30/2007,152.5,152.5,0,2007,8,30
8/31/2007,158.5,152.5,6,2007,8,31
9/1/2007,155,152.5,2.5,2007,9,1
9/10/2007,161,152.5,8.5,2007,9,10
9/11/2007,152.5,152.5,0,2007,9,11
9/12/2007,152.5,152.5,0,2007,9,12
9/13/2007,152.5,152.5,0,2007,9,13
9/14/2007,152.5,152.5,0,2007,9,14
9/15/2007,152.5,152.5,0,2007,9,15
9/16/2007,152.5,152.5,0,2007,9,16
9/17/2007,152.5,152.5,0,2007,9,17
9/18/2007,161,152.5,8.5,2007,9,18
9/19/2007,152.5,152.5,0,2007,9,19
9/2/2007,153,152.5,0.5,2007,9,2
9/20/2007,90.5,74,16.5,2007,9,20
9/20/2007,152.5,152.5,0,2007,9,20
9/29/2007,159.5,152.5,7,2007,9,29
9/30/2007,160,152.5,7.5,2007,9,30
9/6/2007,159,152.5,6.5,2007,9,6
9/7/2007,159.5,152.5,7,2007,9,7
9/8/2007,160,152.5,7.5,2007,9,8
9/9/2007,161,152.5,8.5,2007,9,9
8/13/2008,149.5,149.5,0,2008,8,13
8/14/2008,149.5,149.5,0,2008,8,14
8/15/2008,152.5,149.5,3,2008,8,15
8/16/2008,134,130.5,3.5,2008,8,16
10/10/2009,78,74.5,3.5,2009,10,10
10/11/2009,78,74.5,3.5,2009,10,11
10/12/2009,77,74.5,2.5,2009,10,12
10/18/2009,78,74.5,3.5,2009,10,18
10/4/2009,81.5,74.5,7,2009,10,4
10/5/2009,77,74.5,2.5,2009,10,5
10/6/2009,77,74.5,2.5,2009,10,6
10/7/2009,82,74.5,7.5,2009,10,7
10/8/2009,82,74.5,7.5,2009,10,8
10/9/2009,78,74.5,3.5,2009,10,9
7/19/2009,74,74,0,2009,7,19
7/20/2009,79,74,5,2009,7,20
7/21/2009,79.5,74,5.5,2009,7,21
7/22/2009,80,74,6,2009,7,22
7/23/2009,82,74,8,2009,7,23
7/24/2009,82,74,8,2009,7,24
7/25/2009,80,74,6,2009,7,25
7/26/2009,78.5,74,4.5,2009,7,26
7/27/2009,77.5,74,3.5,2009,7,27
7/28/2009,76.5,74,2.5,2009,7,28
8/10/2009,79,74.5,4.5,2009,8,10
8/11/2009,74.5,74.5,0,2009,8,11
8/11/2009,85,85,0,2009,8,11
8/12/2009,84,74.5,9.5,2009,8,12
8/13/2009,82.5,74.5,8,2009,8,13
8/14/2009,83,74.5,8.5,2009,8,14
8/15/2009,81,74.5,6.5,2009,8,15
8/16/2009,81,74.5,6.5,2009,8,16
8/17/2009,80.5,74.5,6,2009,8,17
8/18/2009,77.5,74.5,3,2009,8,18
8/21/2009,75,74.5,0.5,2009,8,21
8/22/2009,90,85,5,2009,8,22
8/23/2009,81,74.5,6.5,2009,8,23
8/23/2009,86.5,85.5,1,2009,8,23
8/24/2009,84,74.5,9.5,2009,8,24
8/25/2009,80,74.5,5.5,2009,8,25
8/6/2009,82,74.5,7.5,2009,8,6
8/7/2009,79,74.5,4.5,2009,8,7
8/8/2009,79.5,74.5,5,2009,8,8
8/9/2009,84,74.5,9.5,2009,8,9
9/3/2009,81.5,74.5,7,2009,9,3
9/3/2009,91,85.5,5.5,2009,9,3
9/4/2009,81.5,74.5,7,2009,9,4
9/4/2009,91,85.5,5.5,2009,9,4
9/5/2009,82,74.5,7.5,2009,9,5
9/5/2009,92,85.5,6.5,2009,9,5
9/6/2009,82,74.5,7.5,2009,9,6
9/6/2009,90.5,85.5,5,2009,9,6
9/7/2009,80.5,74.5,6,2009,9,7
10/10/2010,89.5,74,15.5,2010,10,10
10/10/2010,159.5,152.5,7,2010,10,10
10/11/2010,89.5,74,15.5,2010,10,11
10/11/2010,160,152.5,7.5,2010,10,11
10/12/2010,89.5,74,15.5,2010,10,12
10/12/2010,159.5,152.5,7,2010,10,12
10/13/2010,89.5,74,15.5,2010,10,13
10/13/2010,160.5,152.5,8,2010,10,13
10/14/2010,89,74,15,2010,10,14
10/14/2010,161,152.5,8.5,2010,10,14
10/15/2010,89,74,15,2010,10,15
10/15/2010,161,152.5,8.5,2010,10,15
10/16/2010,86.5,74,12.5,2010,10,16
10/16/2010,161,152.5,8.5,2010,10,16
10/17/2010,88,74,14,2010,10,17
10/17/2010,159.5,152.5,7,2010,10,17
10/18/2010,89.5,74,15.5,2010,10,18
10/18/2010,161,152.5,8.5,2010,10,18
10/19/2010,86,74,12,2010,10,19
10/19/2010,161,152.5,8.5,2010,10,19
10/2/2010,155.5,152.5,3,2010,10,2
10/20/2010,86.5,74,12.5,2010,10,20
10/20/2010,161,152.5,8.5,2010,10,20
10/21/2010,85,74,11,2010,10,21
10/22/2010,83.5,74,9.5,2010,10,22
10/27/2010,153,152.5,0.5,2010,10,27
10/3/2010,88,74,14,2010,10,3
10/3/2010,153.5,152.5,1,2010,10,3
10/4/2010,88,74,14,2010,10,4
10/5/2010,86,74,12,2010,10,5
10/6/2010,86,74,12,2010,10,6
10/7/2010,76.5,74,2.5,2010,10,7
10/7/2010,158,152.5,5.5,2010,10,7
10/8/2010,159.5,152.5,7,2010,10,8
10/9/2010,74,74,0,2010,10,9
10/9/2010,159.5,152.5,7,2010,10,9
6/28/2010,84,74,10,2010,6,28
7/11/2010,79.5,74,5.5,2010,7,11
7/12/2010,77.5,74,3.5,2010,7,12
7/13/2010,79,74,5,2010,7,13
7/14/2010,81.5,74,7.5,2010,7,14
7/15/2010,83.5,74,9.5,2010,7,15
7/16/2010,83.5,74,9.5,2010,7,16
7/17/2010,85,74,11,2010,7,17
7/18/2010,86.5,74,12.5,2010,7,18
7/19/2010,89,74,15,2010,7,19
7/20/2010,90,74,16,2010,7,20
7/21/2010,84.5,74,10.5,2010,7,21
7/22/2010,90,74,16,2010,7,22
7/23/2010,74,74,0,2010,7,23
7/24/2010,79,74,5,2010,7,24
8/14/2010,155,154,1,2010,8,14
8/15/2010,155.5,154,1.5,2010,8,15
8/16/2010,155.5,153.5,2,2010,8,16
8/21/2010,155,154,1,2010,8,21
8/22/2010,155.5,153.5,2,2010,8,22
8/23/2010,156,152.5,3.5,2010,8,23
8/27/2010,155.5,153,2.5,2010,8,27
8/28/2010,156,152.5,3.5,2010,8,28
8/29/2010,156.5,152.5,4,2010,8,29
8/30/2010,78.5,74,4.5,2010,8,30
8/30/2010,157,152.5,4.5,2010,8,30
8/31/2010,81,74,7,2010,8,31
8/31/2010,156.5,152.5,4,2010,8,31
9/10/2010,91.5,74,17.5,2010,9,10
9/10/2010,159,152.5,6.5,2010,9,10
9/11/2010,91.5,74,17.5,2010,9,11
9/11/2010,159,152.5,6.5,2010,9,11
9/12/2010,91.5,74,17.5,2010,9,12
9/12/2010,159,152.5,6.5,2010,9,12
9/13/2010,91,74,17,2010,9,13
9/13/2010,158.5,152.5,6,2010,9,13
9/14/2010,90.5,74,16.5,2010,9,14
9/14/2010,158,152.5,5.5,2010,9,14
9/15/2010,90.5,74,16.5,2010,9,15
9/15/2010,158.5,152.5,6,2010,9,15
9/16/2010,90.5,74,16.5,2010,9,16
9/16/2010,160,152.5,7.5,2010,9,16
9/17/2010,90.5,74,16.5,2010,9,17
9/17/2010,160.5,152.5,8,2010,9,17
9/18/2010,90.5,74,16.5,2010,9,18
9/18/2010,161,152.5,8.5,2010,9,18
9/19/2010,94,74,20,2010,9,19
9/19/2010,160.5,152.5,8,2010,9,19
9/2/2010,81,74,7,2010,9,2
9/20/2010,94.5,74,20.5,2010,9,20
9/20/2010,159,152.5,6.5,2010,9,20
9/21/2010,93.5,74,19.5,2010,9,21
9/21/2010,157.5,152.5,5,2010,9,21
9/22/2010,91.5,74,17.5,2010,9,22
9/22/2010,156,152.5,3.5,2010,9,22
9/23/2010,90,74,16,2010,9,23
9/24/2010,81,74,7,2010,9,24
9/3/2010,81.5,74,7.5,2010,9,3
9/3/2010,155.5,152.5,3,2010,9,3
9/4/2010,79,74,5,2010,9,4
9/4/2010,157.5,152.5,5,2010,9,4
9/5/2010,81,74,7,2010,9,5
9/5/2010,157.5,152.5,5,2010,9,5
9/6/2010,84,74,10,2010,9,6
9/6/2010,158,152.5,5.5,2010,9,6
9/7/2010,88,74,14,2010,9,7
9/7/2010,158.5,152.5,6,2010,9,7
9/8/2010,90.5,74,16.5,2010,9,8
9/8/2010,158.5,152.5,6,2010,9,8
9/9/2010,91,74,17,2010,9,9
9/9/2010,158.5,152.5,6,2010,9,9
10/1/2011,94,74,20,2011,10,1
10/1/2011,163,152,11,2011,10,1
10/18/2011,154.5,153.5,1,2011,10,18
10/19/2011,162,152.5,9.5,2011,10,19
10/2/2011,94.5,74,20.5,2011,10,2
10/2/2011,163,152,11,2011,10,2
10/20/2011,161,152.5,8.5,2011,10,20
10/21/2011,161,152.5,8.5,2011,10,21
10/22/2011,87,74,13,2011,10,22
10/22/2011,162.5,152.5,10,2011,10,22
10/23/2011,84.5,74,10.5,2011,10,23
10/23/2011,160,152.5,7.5,2011,10,23
10/24/2011,87,74,13,2011,10,24
10/24/2011,159.5,152.5,7,2011,10,24
10/25/2011,87,74,13,2011,10,25
10/25/2011,162,152.5,9.5,2011,10,25
10/26/2011,86.5,74,12.5,2011,10,26
10/26/2011,163,152.5,10.5,2011,10,26
10/27/2011,86.5,74,12.5,2011,10,27
10/27/2011,163.5,152.5,11,2011,10,27
10/28/2011,84,74,10,2011,10,28
10/28/2011,161,152.5,8.5,2011,10,28
10/29/2011,83.5,74,9.5,2011,10,29
10/29/2011,154.5,152.5,2,2011,10,29
10/3/2011,94.5,74,20.5,2011,10,3
10/3/2011,152,152,0,2011,10,3
10/30/2011,79.5,74,5.5,2011,10,30
10/31/2011,78.5,74,4.5,2011,10,31
10/4/2011,94,74,20,2011,10,4
10/4/2011,163,152,11,2011,10,4
10/5/2011,94.5,74,20.5,2011,10,5
10/5/2011,152.5,152.5,0,2011,10,5
10/6/2011,155,152,3,2011,10,6
10/7/2011,155,152.5,2.5,2011,10,7
10/8/2011,153.5,152.5,1,2011,10,8
4/22/2011,81.5,74,7.5,2011,4,22
4/23/2011,79.5,74,5.5,2011,4,23
4/24/2011,75,74,1,2011,4,24
4/25/2011,74,74,0,2011,4,25
6/25/2011,79,74,5,2011,6,25
6/26/2011,82,74,8,2011,6,26
6/27/2011,83,74,9,2011,6,27
6/28/2011,84.5,74,10.5,2011,6,28
6/29/2011,87,74,13,2011,6,29
6/30/2011,89.5,74,15.5,2011,6,30
7/1/2011,92.5,74,18.5,2011,7,1
7/10/2011,98.5,74,24.5,2011,7,10
7/10/2011,154,152.5,1.5,2011,7,10
7/11/2011,99,74,25,2011,7,11
7/11/2011,154.5,152.5,2,2011,7,11
7/12/2011,99,74,25,2011,7,12
7/12/2011,154.5,152.5,2,2011,7,12
7/13/2011,99,74,25,2011,7,13
7/13/2011,154.5,152.5,2,2011,7,13
7/14/2011,99,74,25,2011,7,14
7/15/2011,99,74,25,2011,7,15
7/15/2011,154,153.5,0.5,2011,7,15
7/16/2011,99,74,25,2011,7,16
7/16/2011,155.5,152.5,3,2011,7,16
7/17/2011,99,74,25,2011,7,17
7/17/2011,156,152.5,3.5,2011,7,17
7/18/2011,99,74,25,2011,7,18
7/18/2011,156,152.5,3.5,2011,7,18
7/19/2011,99,74,25,2011,7,19
7/19/2011,157.5,152.5,5,2011,7,19
7/2/2011,94,74,20,2011,7,2
7/20/2011,99,74,25,2011,7,20
7/20/2011,158,152.5,5.5,2011,7,20
7/21/2011,99,74,25,2011,7,21
7/21/2011,158,152,6,2011,7,21
7/22/2011,99,74,25,2011,7,22
7/22/2011,157.5,152.5,5,2011,7,22
7/23/2011,99,74,25,2011,7,23
7/23/2011,157.5,152,5.5,2011,7,23
7/24/2011,99,74,25,2011,7,24
7/24/2011,156,152,4,2011,7,24
7/25/2011,99,74,25,2011,7,25
7/25/2011,154,152.5,1.5,2011,7,25
7/26/2011,99,74,25,2011,7,26
7/27/2011,100.5,74,26.5,2011,7,27
7/3/2011,95.5,74,21.5,2011,7,3
7/30/2011,156,153,3,2011,7,30
7/31/2011,155.5,152.5,3,2011,7,31
7/4/2011,95.5,74,21.5,2011,7,4
7/5/2011,96.5,74,22.5,2011,7,5
7/6/2011,97.5,74,23.5,2011,7,6
7/7/2011,98,74,24,2011,7,7
7/8/2011,98,74,24,2011,7,8
7/9/2011,98,74,24,2011,7,9
7/9/2011,154,153.5,0.5,2011,7,9
8/1/2011,155,152,3,2011,8,1
8/10/2011,159,152,7,2011,8,10
8/11/2011,92.5,74,18.5,2011,8,11
8/11/2011,161,152,9,2011,8,11
8/12/2011,98.5,74,24.5,2011,8,12
8/12/2011,152,152,0,2011,8,12
8/13/2011,98.5,74,24.5,2011,8,13
8/13/2011,164,152,12,2011,8,13
8/14/2011,98.5,74,24.5,2011,8,14
8/14/2011,165,152,13,2011,8,14
8/15/2011,100,74,26,2011,8,15
8/15/2011,152.5,152.5,0,2011,8,15
8/16/2011,100.5,74,26.5,2011,8,16
8/16/2011,158.5,152.5,6,2011,8,16
8/17/2011,101,74,27,2011,8,17
8/17/2011,159.5,152.5,7,2011,8,17
8/18/2011,101,74,27,2011,8,18
8/18/2011,159,152.5,6.5,2011,8,18
8/19/2011,84,74,10,2011,8,19
8/19/2011,155,152.5,2.5,2011,8,19
8/20/2011,154.5,152.5,2,2011,8,20
8/30/2011,163,152.5,10.5,2011,8,30
8/8/2011,157.5,152.5,5,2011,8,8
8/9/2011,158.5,152.5,6,2011,8,9
9/1/2011,164,152.5,11.5,2011,9,1
9/10/2011,163,152.5,10.5,2011,9,10
9/11/2011,163,152.5,10.5,2011,9,11
9/13/2011,163,152.5,10.5,2011,9,13
9/15/2011,162.5,152.5,10,2011,9,15
9/16/2011,159.5,152.5,7,2011,9,16
9/17/2011,162,152.5,9.5,2011,9,17
9/18/2011,160,152.5,7.5,2011,9,18
9/19/2011,159,152.5,6.5,2011,9,19
9/2/2011,165,152.5,12.5,2011,9,2
9/20/2011,162,152.5,9.5,2011,9,20
9/21/2011,162,152.5,9.5,2011,9,21
9/22/2011,162,152.5,9.5,2011,9,22
9/23/2011,162,152.5,9.5,2011,9,23
9/24/2011,162.5,152.5,10,2011,9,24
9/25/2011,162.5,152.5,10,2011,9,25
9/27/2011,79,77.5,1.5,2011,9,27
9/27/2011,163,152,11,2011,9,27
9/28/2011,84,74,10,2011,9,28
9/28/2011,163,152,11,2011,9,28
9/29/2011,93.5,74,19.5,2011,9,29
9/29/2011,163,152.5,10.5,2011,9,29
9/3/2011,165,152.5,12.5,2011,9,3
9/30/2011,93.5,74,19.5,2011,9,30
9/30/2011,152,152,0,2011,9,30
9/4/2011,165,152.5,12.5,2011,9,4
9/5/2011,163.5,152.5,11,2011,9,5
9/6/2011,165,152.5,12.5,2011,9,6
9/7/2011,163,152.5,10.5,2011,9,7
9/8/2011,163,152.5,10.5,2011,9,8
10/1/2012,100.5,74,26.5,2012,10,1
10/1/2012,137.5,132,5.5,2012,10,1
10/1/2012,164.5,151.5,13,2012,10,1
10/10/2012,100.5,74,26.5,2012,10,10
10/10/2012,137.5,132,5.5,2012,10,10
10/10/2012,167.5,151,16.5,2012,10,10
10/11/2012,100.5,74,26.5,2012,10,11
10/11/2012,137.5,132,5.5,2012,10,11
10/11/2012,167.5,151,16.5,2012,10,11
10/12/2012,100.5,74,26.5,2012,10,12
10/12/2012,137.5,132,5.5,2012,10,12
10/12/2012,167.5,151,16.5,2012,10,12
10/13/2012,99.5,74,25.5,2012,10,13
10/13/2012,137.5,132,5.5,2012,10,13
10/13/2012,167.5,151,16.5,2012,10,13
10/14/2012,99.5,74,25.5,2012,10,14
10/14/2012,137.5,132,5.5,2012,10,14
10/14/2012,167.5,151,16.5,2012,10,14
10/15/2012,99.5,74,25.5,2012,10,15
10/15/2012,137.5,132,5.5,2012,10,15
10/15/2012,167.5,152.5,15,2012,10,15
10/16/2012,87.5,74,13.5,2012,10,16
10/16/2012,137,132,5,2012,10,16
10/16/2012,165,151.5,13.5,2012,10,16
10/17/2012,86,74,12,2012,10,17
10/17/2012,137,132,5,2012,10,17
10/17/2012,164.5,151.5,13,2012,10,17
10/18/2012,92.5,74,18.5,2012,10,18
10/18/2012,137,132,5,2012,10,18
10/18/2012,163.5,151.5,12,2012,10,18
10/19/2012,92.5,74,18.5,2012,10,19
10/19/2012,137,132,5,2012,10,19
10/19/2012,163.5,151.5,12,2012,10,19
10/2/2012,100.5,74,26.5,2012,10,2
10/2/2012,137.5,132,5.5,2012,10,2
10/2/2012,164.5,151.5,13,2012,10,2
10/20/2012,92.5,74,18.5,2012,10,20
10/20/2012,136.5,133,3.5,2012,10,20
10/20/2012,163.5,151.5,12,2012,10,20
10/21/2012,91,74,17,2012,10,21
10/21/2012,136.5,133,3.5,2012,10,21
10/21/2012,163,151.5,11.5,2012,10,21
10/22/2012,91,74,17,2012,10,22
10/22/2012,136.5,133,3.5,2012,10,22
10/22/2012,163,151.5,11.5,2012,10,22
10/23/2012,91,74,17,2012,10,23
10/23/2012,136.5,133,3.5,2012,10,23
10/23/2012,163,151.5,11.5,2012,10,23
10/24/2012,90,74,16,2012,10,24
10/24/2012,136.5,133,3.5,2012,10,24
10/24/2012,163,151.5,11.5,2012,10,24
10/25/2012,88,74,14,2012,10,25
10/25/2012,136.5,133,3.5,2012,10,25
10/25/2012,163,151.5,11.5,2012,10,25
10/26/2012,87.5,74,13.5,2012,10,26
10/26/2012,136.5,133,3.5,2012,10,26
10/26/2012,163,151.5,11.5,2012,10,26
10/27/2012,87.5,74,13.5,2012,10,27
10/27/2012,136,133,3,2012,10,27
10/27/2012,162.5,151.5,11,2012,10,27
10/28/2012,87.5,74,13.5,2012,10,28
10/28/2012,136,133,3,2012,10,28
10/28/2012,162,151.5,10.5,2012,10,28
10/29/2012,87.5,74,13.5,2012,10,29
10/29/2012,136,133,3,2012,10,29
10/29/2012,161,152.5,8.5,2012,10,29
10/3/2012,100.5,74,26.5,2012,10,3
10/3/2012,137.5,132,5.5,2012,10,3
10/3/2012,164.5,151.5,13,2012,10,3
10/30/2012,87,74,13,2012,10,30
10/30/2012,135.5,133,2.5,2012,10,30
10/30/2012,161.5,152.5,9,2012,10,30
10/31/2012,87,74,13,2012,10,31
10/31/2012,135,133,2,2012,10,31
10/31/2012,161,152,9,2012,10,31
10/4/2012,100.5,74,26.5,2012,10,4
10/4/2012,137.5,132,5.5,2012,10,4
10/4/2012,164.5,151.5,13,2012,10,4
10/5/2012,100.5,74,26.5,2012,10,5
10/5/2012,138,132,6,2012,10,5
10/5/2012,164,151,13,2012,10,5
10/6/2012,100.5,74,26.5,2012,10,6
10/6/2012,138,132,6,2012,10,6
10/6/2012,164,151,13,2012,10,6
10/7/2012,100.5,74,26.5,2012,10,7
10/7/2012,137.5,132,5.5,2012,10,7
10/7/2012,164,151,13,2012,10,7
10/8/2012,100.5,74,26.5,2012,10,8
10/8/2012,137.5,132,5.5,2012,10,8
10/8/2012,163.5,151,12.5,2012,10,8
10/9/2012,100.5,74,26.5,2012,10,9
10/9/2012,137.5,132,5.5,2012,10,9
10/9/2012,167,151,16,2012,10,9
6/16/2012,81.5,74,7.5,2012,6,16
6/17/2012,81.5,74,7.5,2012,6,17
6/18/2012,81.5,74,7.5,2012,6,18
6/19/2012,83,74,9,2012,6,19
6/20/2012,84,74,10,2012,6,20
6/21/2012,86.5,74,12.5,2012,6,21
6/22/2012,85.5,74,11.5,2012,6,22
6/23/2012,89,74,15,2012,6,23
6/24/2012,89.5,74,15.5,2012,6,24
6/25/2012,91,74,17,2012,6,25
6/26/2012,91,74,17,2012,6,26
6/27/2012,91.5,74,17.5,2012,6,27
6/28/2012,93,74,19,2012,6,28
6/29/2012,94.5,74,20.5,2012,6,29
6/30/2012,96,74,22,2012,6,30
7/1/2012,96,74,22,2012,7,1
7/11/2012,154,153.5,0.5,2012,7,11
7/15/2012,153.5,153.5,0,2012,7,15
7/16/2012,156.5,152.5,4,2012,7,16
7/17/2012,157.5,152,5.5,2012,7,17
7/18/2012,158.5,152.5,6,2012,7,18
7/19/2012,158.5,152,6.5,2012,7,19
7/2/2012,96.5,74,22.5,2012,7,2
7/20/2012,81.5,74,7.5,2012,7,20
7/20/2012,137,133,4,2012,7,20
7/20/2012,158.5,151.5,7,2012,7,20
7/21/2012,90,74,16,2012,7,21
7/21/2012,136,133,3,2012,7,21
7/21/2012,159,151.5,7.5,2012,7,21
7/22/2012,96,74,22,2012,7,22
7/22/2012,138,133,5,2012,7,22
7/22/2012,162,151,11,2012,7,22
7/23/2012,96,74,22,2012,7,23
7/23/2012,137,133,4,2012,7,23
7/23/2012,162,151,11,2012,7,23
7/24/2012,98.5,74,24.5,2012,7,24
7/24/2012,137,133,4,2012,7,24
7/24/2012,162,151,11,2012,7,24
7/25/2012,99,74,25,2012,7,25
7/25/2012,138,133,5,2012,7,25
7/25/2012,162,162,0,2012,7,25
7/26/2012,101.5,74,27.5,2012,7,26
7/26/2012,137,133,4,2012,7,26
7/27/2012,101.5,74,27.5,2012,7,27
7/27/2012,135.5,133,2.5,2012,7,27
7/28/2012,101.5,74,27.5,2012,7,28
7/28/2012,135,133,2,2012,7,28
7/29/2012,101.5,74,27.5,2012,7,29
7/29/2012,135,133,2,2012,7,29
7/29/2012,163.5,152.5,11,2012,7,29
7/3/2012,97.5,74,23.5,2012,7,3
7/30/2012,103,74,29,2012,7,30
7/30/2012,135,133,2,2012,7,30
7/30/2012,164.5,152.5,12,2012,7,30
7/31/2012,99,74,25,2012,7,31
7/31/2012,164,152.5,11.5,2012,7,31
7/4/2012,98,74,24,2012,7,4
7/4/2012,153.5,153,0.5,2012,7,4
7/5/2012,98,74,24,2012,7,5
7/5/2012,153.5,152.5,1,2012,7,5
7/6/2012,98,74,24,2012,7,6
7/6/2012,155.5,152.5,3,2012,7,6
7/7/2012,94,74,20,2012,7,7
7/8/2012,96,74,22,2012,7,8
7/9/2012,94.5,74,20.5,2012,7,9
8/1/2012,74,74,0,2012,8,1
8/1/2012,134,133.5,0.5,2012,8,1
8/1/2012,164.5,152,12.5,2012,8,1
8/10/2012,105.5,74,31.5,2012,8,10
8/10/2012,138.5,133,5.5,2012,8,10
8/10/2012,167.5,152.5,15,2012,8,10
8/11/2012,105.5,74,31.5,2012,8,11
8/11/2012,137,133,4,2012,8,11
8/11/2012,167.5,152.5,15,2012,8,11
8/12/2012,105.5,74,31.5,2012,8,12
8/12/2012,137,133,4,2012,8,12
8/12/2012,167.5,151.5,16,2012,8,12
8/13/2012,105.5,74,31.5,2012,8,13
8/13/2012,136.5,133,3.5,2012,8,13
8/13/2012,167.5,151,16.5,2012,8,13
8/14/2012,105.5,74,31.5,2012,8,14
8/14/2012,138.5,133,5.5,2012,8,14
8/14/2012,167.5,151,16.5,2012,8,14
8/15/2012,105.5,74,31.5,2012,8,15
8/15/2012,138.5,133,5.5,2012,8,15
8/15/2012,167.5,151,16.5,2012,8,15
8/16/2012,105.5,74,31.5,2012,8,16
8/16/2012,138.5,133,5.5,2012,8,16
8/16/2012,167.5,151,16.5,2012,8,16
8/17/2012,105.5,74,31.5,2012,8,17
8/17/2012,138,133,5,2012,8,17
8/17/2012,167.5,151,16.5,2012,8,17
8/18/2012,105.5,74,31.5,2012,8,18
8/18/2012,138,133,5,2012,8,18
8/19/2012,99,74,25,2012,8,19
8/19/2012,163.5,152.5,11,2012,8,19
8/2/2012,92.5,74,18.5,2012,8,2
8/2/2012,137,133,4,2012,8,2
8/2/2012,167,151.5,15.5,2012,8,2
8/20/2012,105,74,31,2012,8,20
8/20/2012,166,152.5,13.5,2012,8,20
8/21/2012,102.5,74,28.5,2012,8,21
8/21/2012,165.5,152.5,13,2012,8,21
8/22/2012,97.5,74,23.5,2012,8,22
8/22/2012,168,152.5,15.5,2012,8,22
8/23/2012,90,74,16,2012,8,23
8/23/2012,164.5,152.5,12,2012,8,23
8/24/2012,84,74,10,2012,8,24
8/24/2012,164.5,152.5,12,2012,8,24
8/25/2012,165,152.5,12.5,2012,8,25
8/26/2012,165,152.5,12.5,2012,8,26
8/27/2012,165,152.5,12.5,2012,8,27
8/28/2012,165.5,152.5,13,2012,8,28
8/29/2012,134,133.5,0.5,2012,8,29
8/29/2012,165.5,151.5,14,2012,8,29
8/3/2012,93,74,19,2012,8,3
8/3/2012,137.5,133,4.5,2012,8,3
8/3/2012,167.5,151,16.5,2012,8,3
8/30/2012,137,133,4,2012,8,30
8/30/2012,165.5,151.5,14,2012,8,30
8/31/2012,77,74,3,2012,8,31
8/31/2012,137.5,133,4.5,2012,8,31
8/31/2012,165.5,151.5,14,2012,8,31
8/4/2012,102,74,28,2012,8,4
8/4/2012,138,133,5,2012,8,4
8/4/2012,167,151,16,2012,8,4
8/5/2012,87,74,13,2012,8,5
8/5/2012,138,133,5,2012,8,5
8/5/2012,167,151.5,15.5,2012,8,5
8/6/2012,77,74,3,2012,8,6
8/6/2012,136.5,133,3.5,2012,8,6
8/6/2012,167,152.5,14.5,2012,8,6
8/7/2012,103,74,29,2012,8,7
8/7/2012,137,133,4,2012,8,7
8/7/2012,167.5,152.5,15,2012,8,7
8/8/2012,104,74,30,2012,8,8
8/8/2012,138,133,5,2012,8,8
8/8/2012,167.5,152.5,15,2012,8,8
8/9/2012,104.5,74,30.5,2012,8,9
8/9/2012,138,133,5,2012,8,9
8/9/2012,167.5,151,16.5,2012,8,9
9/1/2012,87,74,13,2012,9,1
9/1/2012,138.5,133,5.5,2012,9,1
9/1/2012,165.5,151.5,14,2012,9,1
9/10/2012,104,74,30,2012,9,10
9/10/2012,136.5,133,3.5,2012,9,10
9/10/2012,167,152.5,14.5,2012,9,10
9/11/2012,104,74,30,2012,9,11
9/11/2012,134,133,1,2012,9,11
9/11/2012,165.5,152,13.5,2012,9,11
9/12/2012,104,74,30,2012,9,12
9/12/2012,136,133,3,2012,9,12
9/12/2012,165,151.5,13.5,2012,9,12
9/13/2012,164.5,152,12.5,2012,9,13
9/14/2012,164.5,152.5,12,2012,9,14
9/15/2012,135.5,133,2.5,2012,9,15
9/15/2012,164.5,151.5,13,2012,9,15
9/16/2012,164.5,151.5,13,2012,9,16
9/17/2012,137,133,4,2012,9,17
9/17/2012,164.5,151.5,13,2012,9,17
9/18/2012,87,74,13,2012,9,18
9/18/2012,135.5,133,2.5,2012,9,18
9/18/2012,164.5,151,13.5,2012,9,18
9/19/2012,99,74,25,2012,9,19
9/19/2012,137,132,5,2012,9,19
9/19/2012,164.5,151,13.5,2012,9,19
9/2/2012,94,74,20,2012,9,2
9/2/2012,138.5,133,5.5,2012,9,2
9/2/2012,165.5,151,14.5,2012,9,2
9/20/2012,98,74,24,2012,9,20
9/20/2012,137,132,5,2012,9,20
9/20/2012,164.5,151,13.5,2012,9,20
9/21/2012,99,74,25,2012,9,21
9/21/2012,137,132,5,2012,9,21
9/21/2012,164.5,151,13.5,2012,9,21
9/22/2012,98,74,24,2012,9,22
9/22/2012,137,132,5,2012,9,22
9/22/2012,164.5,151,13.5,2012,9,22
9/23/2012,100,74,26,2012,9,23
9/23/2012,137.5,132,5.5,2012,9,23
9/23/2012,164.5,151,13.5,2012,9,23
9/24/2012,100,74,26,2012,9,24
9/24/2012,138,132,6,2012,9,24
9/24/2012,164.5,151,13.5,2012,9,24
9/25/2012,100,74,26,2012,9,25
9/25/2012,137.5,132,5.5,2012,9,25
9/25/2012,164.5,151,13.5,2012,9,25
9/26/2012,100,74,26,2012,9,26
9/26/2012,137.5,132,5.5,2012,9,26
9/26/2012,164.5,152.5,12,2012,9,26
9/27/2012,100,74,26,2012,9,27
9/27/2012,137.5,132,5.5,2012,9,27
9/27/2012,164.5,152,12.5,2012,9,27
9/28/2012,100,74,26,2012,9,28
9/28/2012,137.5,132,5.5,2012,9,28
9/28/2012,164.5,151.5,13,2012,9,28
9/29/2012,100.5,74,26.5,2012,9,29
9/29/2012,134,132,2,2012,9,29
9/29/2012,164.5,151.5,13,2012,9,29
9/3/2012,96,74,22,2012,9,3
9/3/2012,138.5,133,5.5,2012,9,3
9/3/2012,165.5,151,14.5,2012,9,3
9/30/2012,100.5,74,26.5,2012,9,30
9/30/2012,137,132,5,2012,9,30
9/30/2012,164.5,151.5,13,2012,9,30
9/4/2012,96.5,74,22.5,2012,9,4
9/4/2012,138.5,133,5.5,2012,9,4
9/4/2012,165.5,151,14.5,2012,9,4
9/5/2012,98,74,24,2012,9,5
9/5/2012,138.5,133,5.5,2012,9,5
9/5/2012,165.5,151,14.5,2012,9,5
9/6/2012,98,74,24,2012,9,6
9/6/2012,138.5,132,6.5,2012,9,6
9/6/2012,165.5,151,14.5,2012,9,6
9/7/2012,98.5,74,24.5,2012,9,7
9/7/2012,166,151,15,2012,9,7
9/8/2012,104,74,30,2012,9,8
9/8/2012,138,133,5,2012,9,8
9/8/2012,166,151,15,2012,9,8
9/9/2012,104,74,30,2012,9,9
9/9/2012,137.5,133,4.5,2012,9,9
9/9/2012,166,151,15,2012,9,9
6/10/2013,87,74,13,2013,6,10
6/11/2013,88.5,74,14.5,2013,6,11
6/12/2013,88,74,14,2013,6,12
6/13/2013,89,74,15,2013,6,13
6/14/2013,90,74,16,2013,6,14
6/15/2013,91,74,17,2013,6,15
6/16/2013,93,74,19,2013,6,16
6/17/2013,93,74,19,2013,6,17
6/18/2013,93.5,74,19.5,2013,6,18
6/19/2013,94.5,74,20.5,2013,6,19
6/20/2013,95,74,21,2013,6,20
6/21/2013,96,74,22,2013,6,21
6/22/2013,96,74,22,2013,6,22
6/22/2013,134,134,0,2013,6,22
6/22/2013,134,134,0,2013,6,22
6/23/2013,97,74,23,2013,6,23
6/23/2013,135,133.5,1.5,2013,6,23
6/23/2013,135,133.5,1.5,2013,6,23
6/24/2013,97.5,74,23.5,2013,6,24
6/24/2013,135,133,2,2013,6,24
6/24/2013,135,133,2,2013,6,24
6/25/2013,97.5,74,23.5,2013,6,25
6/25/2013,135,133,2,2013,6,25
6/25/2013,135,133,2,2013,6,25
6/26/2013,98,74,24,2013,6,26
6/26/2013,135,133,2,2013,6,26
6/26/2013,135,133,2,2013,6,26
6/27/2013,98,74,24,2013,6,27
6/27/2013,135,133,2,2013,6,27
6/27/2013,135,133,2,2013,6,27
6/28/2013,98.5,74,24.5,2013,6,28
6/28/2013,155.5,133,22.5,2013,6,28
6/28/2013,133,133,0,2013,6,28
6/29/2013,99,74,25,2013,6,29
6/29/2013,133.5,133,0.5,2013,6,29
6/29/2013,133.5,133,0.5,2013,6,29
6/3/2013,77,74,3,2013,6,3
6/30/2013,99,74,25,2013,6,30
6/30/2013,156,151,5,2013,6,30
6/4/2013,78,74,4,2013,6,4
6/5/2013,81.5,74,7.5,2013,6,5
6/6/2013,83,74,9,2013,6,6
6/7/2013,83.5,74,9.5,2013,6,7
6/8/2013,84,74,10,2013,6,8
6/9/2013,85.5,74,11.5,2013,6,9
7/1/2013,98.5,74,24.5,2013,7,1
7/1/2013,156,151,5,2013,7,1
7/10/2013,157.5,152,5.5,2013,7,10
7/11/2013,87.5,74,13.5,2013,7,11
7/11/2013,158,152,6,2013,7,11
7/12/2013,158,152.5,5.5,2013,7,12
7/13/2013,157.5,152.5,5,2013,7,13
7/14/2013,157.5,152.5,5,2013,7,14
7/15/2013,156,152.5,3.5,2013,7,15
7/16/2013,156,152.5,3.5,2013,7,16
7/17/2013,156,152.5,3.5,2013,7,17
7/18/2013,156,152.5,3.5,2013,7,18
7/19/2013,155.5,152.5,3,2013,7,19
7/2/2013,98.5,74,24.5,2013,7,2
7/2/2013,155,152,3,2013,7,2
7/20/2013,155.5,152,3.5,2013,7,20
7/23/2013,158,158,0,2013,7,23
7/24/2013,155.5,152.5,3,2013,7,24
7/25/2013,154.5,152.5,2,2013,7,25
7/26/2013,154,152.5,1.5,2013,7,26
7/3/2013,85,74,11,2013,7,3
7/3/2013,156.5,151.5,5,2013,7,3
7/4/2013,97,74,23,2013,7,4
7/4/2013,157,151,6,2013,7,4
7/5/2013,86.5,74,12.5,2013,7,5
7/5/2013,157.5,151,6.5,2013,7,5
7/6/2013,84,74,10,2013,7,6
7/6/2013,157.5,151,6.5,2013,7,6
7/7/2013,98.5,74,24.5,2013,7,7
7/7/2013,133.5,133,0.5,2013,7,7
7/7/2013,133.5,133,0.5,2013,7,7
7/8/2013,98.5,74,24.5,2013,7,8
7/8/2013,158,152.5,5.5,2013,7,8
7/9/2013,94,74,20,2013,7,9
7/9/2013,158.5,152,6.5,2013,7,9
8/15/2013,156,153,3,2013,8,15
8/16/2013,157.5,153,4.5,2013,8,16
8/17/2013,157.5,153,4.5,2013,8,17
8/18/2013,157,152,5,2013,8,18
8/19/2013,157.5,152,5.5,2013,8,19
8/20/2013,157.5,152,5.5,2013,8,20
8/21/2013,84,74,10,2013,8,21
8/21/2013,158,152,6,2013,8,21
8/22/2013,86.5,74,12.5,2013,8,22
8/22/2013,158.5,152,6.5,2013,8,22
8/23/2013,94.5,74,20.5,2013,8,23
8/23/2013,158.5,152,6.5,2013,8,23
8/24/2013,94.5,74,20.5,2013,8,24
8/24/2013,158,152,6,2013,8,24
8/25/2013,94.5,74,20.5,2013,8,25
8/25/2013,158,152,6,2013,8,25
8/26/2013,94.5,74,20.5,2013,8,26
8/26/2013,157.5,152,5.5,2013,8,26
8/27/2013,133.5,133.5,0,2013,8,27
8/27/2013,133.5,133.5,0,2013,8,27
8/28/2013,133.5,133.5,0,2013,8,28
8/28/2013,133.5,133.5,0,2013,8,28
8/29/2013,133.5,133,0.5,2013,8,29
8/29/2013,133.5,133,0.5,2013,8,29
8/30/2013,133.5,133,0.5,2013,8,30
8/30/2013,133.5,133,0.5,2013,8,30
8/31/2013,83.5,74,9.5,2013,8,31
8/31/2013,134,133,1,2013,8,31
8/31/2013,134,133,1,2013,8,31
8/9/2013,153.5,153.5,0,2013,8,9
9/1/2013,89,74,15,2013,9,1
9/1/2013,134,133,1,2013,9,1
9/1/2013,134,133,1,2013,9,1
9/10/2013,135.5,133,2.5,2013,9,10
9/10/2013,135.5,133,2.5,2013,9,10
9/11/2013,156,152,4,2013,9,11
9/2/2013,92.5,74,18.5,2013,9,2
9/2/2013,134.5,133,1.5,2013,9,2
9/2/2013,134.5,133,1.5,2013,9,2
9/3/2013,89,74,15,2013,9,3
9/3/2013,134.5,133,1.5,2013,9,3
9/3/2013,134.5,133,1.5,2013,9,3
9/4/2013,91.5,74,17.5,2013,9,4
9/4/2013,134.5,133,1.5,2013,9,4
9/4/2013,134.5,133,1.5,2013,9,4
9/5/2013,97.5,74,23.5,2013,9,5
9/5/2013,135,133,2,2013,9,5
9/5/2013,135,133,2,2013,9,5
9/6/2013,97.5,74,23.5,2013,9,6
9/6/2013,135,133,2,2013,9,6
9/6/2013,135,133,2,2013,9,6
9/7/2013,87.5,74,13.5,2013,9,7
9/7/2013,135,133,2,2013,9,7
9/7/2013,135,133,2,2013,9,7
9/8/2013,135.5,133,2.5,2013,9,8
9/8/2013,135.5,133,2.5,2013,9,8
9/9/2013,135.5,133,2.5,2013,9,9
9/9/2013,135.5,133,2.5,2013,9,9
10/1/2014,154.5,152.5,2,2014,10,1
10/10/2014,154.5,152.5,2,2014,10,10
10/11/2014,154.5,152.5,2,2014,10,11
10/2/2014,154.5,152.5,2,2014,10,2
10/3/2014,154.5,152.5,2,2014,10,3
10/4/2014,154.5,152.5,2,2014,10,4
10/5/2014,154.5,152.5,2,2014,10,5
10/6/2014,76.5,74,2.5,2014,10,6
10/6/2014,154.5,152.5,2,2014,10,6
10/7/2014,76.5,74,2.5,2014,10,7
10/7/2014,154.5,152.5,2,2014,10,7
10/8/2014,79,74,5,2014,10,8
10/8/2014,154.5,152.5,2,2014,10,8
10/9/2014,78.5,74,4.5,2014,10,9
10/9/2014,154.5,152.5,2,2014,10,9
6/19/2014,74.5,74,0.5,2014,6,19
6/20/2014,75.5,74,1.5,2014,6,20
6/21/2014,80,74,6,2014,6,21
6/22/2014,80,74,6,2014,6,22
6/23/2014,82,74,8,2014,6,23
6/24/2014,83.5,74,9.5,2014,6,24
6/25/2014,85.5,74,11.5,2014,6,25
6/26/2014,86.5,74,12.5,2014,6,26
6/27/2014,88,74,14,2014,6,27
6/28/2014,89.5,74,15.5,2014,6,28
6/29/2014,90,74,16,2014,6,29
6/30/2014,91,74,17,2014,6,30
7/1/2014,92,74,18,2014,7,1
7/10/2014,86,74,12,2014,7,10
7/11/2014,89,74,15,2014,7,11
7/2/2014,93,74,19,2014,7,2
7/26/2014,76.5,74,2.5,2014,7,26
7/27/2014,79.5,74,5.5,2014,7,27
7/28/2014,88,84,4,2014,7,28
7/29/2014,88,84,4,2014,7,29
7/3/2014,93.5,74,19.5,2014,7,3
7/30/2014,90,74,16,2014,7,30
7/4/2014,94,74,20,2014,7,4
7/5/2014,95,74,21,2014,7,5
7/6/2014,93.5,74,19.5,2014,7,6
7/7/2014,91.5,74,17.5,2014,7,7
7/8/2014,89.5,74,15.5,2014,7,8
7/9/2014,87,74,13,2014,7,9
9/10/2014,93.5,74,19.5,2014,9,10
9/10/2014,153,152.5,0.5,2014,9,10
9/11/2014,93.5,74,19.5,2014,9,11
9/12/2014,93.5,74,19.5,2014,9,12
9/12/2014,154,152.5,1.5,2014,9,12
9/13/2014,94.5,74,20.5,2014,9,13
9/13/2014,154.5,152.5,2,2014,9,13
9/14/2014,95.5,74,21.5,2014,9,14
9/14/2014,154.5,152.5,2,2014,9,14
9/15/2014,95.5,74,21.5,2014,9,15
9/15/2014,154.5,152.5,2,2014,9,15
9/16/2014,154,152.5,1.5,2014,9,16
9/25/2014,153,152.5,0.5,2014,9,25
9/26/2014,154.5,152.5,2,2014,9,26
9/27/2014,155,152,3,2014,9,27
9/28/2014,154.5,152.5,2,2014,9,28
9/29/2014,154.5,152.5,2,2014,9,29
9/30/2014,154.5,152.5,2,2014,9,30
9/6/2014,84,74,10,2014,9,6
9/7/2014,84.5,74,10.5,2014,9,7
9/8/2014,86.5,74,12.5,2014,9,8
9/9/2014,86.5,74,12.5,2014,9,9
10/1/2015,75.5,74,1.5,2015,10,1
10/1/2015,94,84.5,9.5,2015,10,1
10/1/2015,157,152.5,4.5,2015,10,1
10/10/2015,155.5,152.5,3,2015,10,10
10/11/2015,155.5,152.5,3,2015,10,11
10/12/2015,155.5,152.5,3,2015,10,12
10/13/2015,155.5,152.5,3,2015,10,13
10/14/2015,155.5,152.5,3,2015,10,14
10/15/2015,155.5,152.5,3,2015,10,15
10/16/2015,155.5,152.5,3,2015,10,16
10/17/2015,156.5,152.5,4,2015,10,17
10/18/2015,86.5,84.5,2,2015,10,18
10/18/2015,155.5,152.5,3,2015,10,18
10/19/2015,156,152.5,3.5,2015,10,19
10/2/2015,75.5,74,1.5,2015,10,2
10/2/2015,94.5,84.5,10,2015,10,2
10/2/2015,157,152.5,4.5,2015,10,2
10/20/2015,156,152.5,3.5,2015,10,20
10/21/2015,154.5,152.5,2,2015,10,21
10/3/2015,75.5,74,1.5,2015,10,3
10/3/2015,94.5,84.5,10,2015,10,3
10/3/2015,157,152.5,4.5,2015,10,3
10/4/2015,75.5,74,1.5,2015,10,4
10/4/2015,95,84.5,10.5,2015,10,4
10/4/2015,157,152.5,4.5,2015,10,4
10/5/2015,75.5,74,1.5,2015,10,5
10/5/2015,91.5,84.5,7,2015,10,5
10/5/2015,156,152.5,3.5,2015,10,5
10/6/2015,75.5,74,1.5,2015,10,6
10/6/2015,91.5,84.5,7,2015,10,6
10/6/2015,155.5,152.5,3,2015,10,6
10/7/2015,75.5,74,1.5,2015,10,7
10/7/2015,89,84.5,4.5,2015,10,7
10/7/2015,155.5,152.5,3,2015,10,7
10/8/2015,75.5,74,1.5,2015,10,8
10/8/2015,86.5,84.5,2,2015,10,8
10/8/2015,155.5,152.5,3,2015,10,8
10/9/2015,75.5,74,1.5,2015,10,9
10/9/2015,155.5,152,3.5,2015,10,9
9/10/2015,153,153,0,2015,9,10
9/11/2015,153.5,152.5,1,2015,9,11
9/12/2015,87.5,84.5,3,2015,9,12
9/12/2015,155,152.5,2.5,2015,9,12
9/13/2015,90.5,90.5,0,2015,9,13
9/13/2015,155.5,152.5,3,2015,9,13
9/14/2015,89.5,84.5,5,2015,9,14
9/14/2015,156,152.5,3.5,2015,9,14
9/15/2015,92,92,0,2015,9,15
9/15/2015,156.5,152.5,4,2015,9,15
9/16/2015,94.5,94.5,0,2015,9,16
9/16/2015,156.5,152.5,4,2015,9,16
9/17/2015,94.5,94.5,0,2015,9,17
9/17/2015,157,152,5,2015,9,17
9/18/2015,94.5,94.5,0,2015,9,18
9/18/2015,157,152,5,2015,9,18
9/19/2015,75.5,74,1.5,2015,9,19
9/19/2015,94.5,94.5,0,2015,9,19
9/19/2015,156.5,152,4.5,2015,9,19
9/20/2015,75.5,74,1.5,2015,9,20
9/20/2015,94.5,94.5,0,2015,9,20
9/20/2015,156,152,4,2015,9,20
9/21/2015,75.5,74,1.5,2015,9,21
9/21/2015,94.5,94.5,0,2015,9,21
9/21/2015,155.5,152,3.5,2015,9,21
9/22/2015,75.5,74,1.5,2015,9,22
9/22/2015,94.5,94.5,0,2015,9,22
9/22/2015,156,152.5,3.5,2015,9,22
9/23/2015,75.5,74,1.5,2015,9,23
9/23/2015,94.5,94.5,0,2015,9,23
9/24/2015,75.5,74,1.5,2015,9,24
9/24/2015,94.5,94.5,0,2015,9,24
9/25/2015,75.5,74,1.5,2015,9,25
9/26/2015,75.5,74,1.5,2015,9,26
9/26/2015,156,152.5,3.5,2015,9,26
9/27/2015,75.5,74,1.5,2015,9,27
9/27/2015,155.5,152.5,3,2015,9,27
9/28/2015,75.5,74,1.5,2015,9,28
9/28/2015,90,84.5,5.5,2015,9,28
9/28/2015,156,152.5,3.5,2015,9,28
9/29/2015,75.5,74,1.5,2015,9,29
9/29/2015,156.5,152.5,4,2015,9,29
9/30/2015,75.5,74,1.5,2015,9,30
9/30/2015,94,94,0,2015,9,30
9/30/2015,157.5,152.5,5,2015,9,30
10/1/2016,78,74,4,2016,10,1
10/1/2016,156,152,4,2016,10,1
10/1/2016,159.5,157,2.5,2016,10,1
10/12/2016,155,151.5,3.5,2016,10,12
10/13/2016,156,151.5,4.5,2016,10,13
10/14/2016,156,151.5,4.5,2016,10,14
10/15/2016,156,152,4,2016,10,15
10/15/2016,157.5,157,0.5,2016,10,15
10/16/2016,77.5,74,3.5,2016,10,16
10/16/2016,156,152,4,2016,10,16
10/16/2016,157.5,157,0.5,2016,10,16
10/17/2016,74,74,0,2016,10,17
10/17/2016,156,152,4,2016,10,17
10/18/2016,156,152.5,3.5,2016,10,18
10/18/2016,158,157,1,2016,10,18
10/19/2016,74,74,0,2016,10,19
10/19/2016,156,152.5,3.5,2016,10,19
10/19/2016,159,157,2,2016,10,19
10/2/2016,80.5,74,6.5,2016,10,2
10/2/2016,156,152.5,3.5,2016,10,2
10/2/2016,158.5,157,1.5,2016,10,2
10/20/2016,156,152.5,3.5,2016,10,20
10/20/2016,160.5,157,3.5,2016,10,20
10/21/2016,156,152.5,3.5,2016,10,21
10/21/2016,160,157,3,2016,10,21
10/22/2016,74,74,0,2016,10,22
10/22/2016,156,152,4,2016,10,22
10/22/2016,161,157,4,2016,10,22
10/23/2016,74.5,74,0.5,2016,10,23
10/23/2016,156,153,3,2016,10,23
10/23/2016,161,157,4,2016,10,23
10/24/2016,76.5,74,2.5,2016,10,24
10/24/2016,156,153,3,2016,10,24
10/24/2016,161,157,4,2016,10,24
10/25/2016,74,74,0,2016,10,25
10/25/2016,156,153,3,2016,10,25
10/25/2016,160.5,157,3.5,2016,10,25
10/26/2016,156,153,3,2016,10,26
10/26/2016,160.5,157,3.5,2016,10,26
10/27/2016,156,153,3,2016,10,27
10/27/2016,160.5,157,3.5,2016,10,27
10/28/2016,75,75,0,2016,10,28
10/28/2016,156,153,3,2016,10,28
10/28/2016,160,157,3,2016,10,28
10/29/2016,74,74,0,2016,10,29
10/29/2016,156,153,3,2016,10,29
10/29/2016,157.5,157,0.5,2016,10,29
10/3/2016,80.5,74,6.5,2016,10,3
10/3/2016,156,152.5,3.5,2016,10,3
10/3/2016,158,157,1,2016,10,3
10/30/2016,78.5,74,4.5,2016,10,30
10/30/2016,155,153,2,2016,10,30
10/31/2016,76,74,2,2016,10,31
10/4/2016,81.5,74,7.5,2016,10,4
10/4/2016,156,152,4,2016,10,4
10/4/2016,158,156.5,1.5,2016,10,4
10/5/2016,81.5,74,7.5,2016,10,5
10/5/2016,156,152.5,3.5,2016,10,5
10/5/2016,159.5,157,2.5,2016,10,5
10/6/2016,81,74,7,2016,10,6
10/6/2016,156,152.5,3.5,2016,10,6
10/6/2016,159.5,157,2.5,2016,10,6
10/7/2016,81,74,7,2016,10,7
10/7/2016,156,152.5,3.5,2016,10,7
10/7/2016,159.5,157,2.5,2016,10,7
10/8/2016,81,74,7,2016,10,8
10/8/2016,156,152.5,3.5,2016,10,8
10/8/2016,160.5,157,3.5,2016,10,8
10/9/2016,81,74,7,2016,10,9
10/9/2016,156,152.5,3.5,2016,10,9
10/9/2016,158.5,157,1.5,2016,10,9
7/12/2016,80.5,74,6.5,2016,7,12
7/13/2016,82,74,8,2016,7,13
7/14/2016,83,74,9,2016,7,14
7/15/2016,86,74,12,2016,7,15
7/16/2016,88,74,14,2016,7,16
7/17/2016,90,74,16,2016,7,17
7/18/2016,91,74,17,2016,7,18
7/19/2016,91,74,17,2016,7,19
7/20/2016,92,74,18,2016,7,20
7/21/2016,90,74,16,2016,7,21
7/22/2016,90,74,16,2016,7,22
7/23/2016,90,74,16,2016,7,23
7/24/2016,90,74,16,2016,7,24
7/25/2016,90,74,16,2016,7,25
7/26/2016,90,74,16,2016,7,26
7/27/2016,92,74,18,2016,7,27
7/28/2016,92,74,18,2016,7,28
7/29/2016,92,74,18,2016,7,29
7/30/2016,91.5,74,17.5,2016,7,30
7/31/2016,91.5,74,17.5,2016,7,31
8/1/2016,94,74,20,2016,8,1
8/2/2016,83,74,9,2016,8,2
8/3/2016,80,74,6,2016,8,3
8/31/2016,153.5,153,0.5,2016,8,31
8/4/2016,80,74,6,2016,8,4
8/5/2016,80,74,6,2016,8,5
9/1/2016,154.5,154.5,0,2016,9,1
9/10/2016,83,74,9,2016,9,10
9/10/2016,156,152,4,2016,9,10
9/10/2016,158.5,157,1.5,2016,9,10
9/11/2016,84,74,10,2016,9,11
9/11/2016,156,152,4,2016,9,11
9/11/2016,159,157,2,2016,9,11
9/12/2016,81.5,74,7.5,2016,9,12
9/12/2016,154,152,2,2016,9,12
9/13/2016,81,74,7,2016,9,13
9/14/2016,82.5,74,8.5,2016,9,14
9/14/2016,156.5,152,4.5,2016,9,14
9/15/2016,81.5,74,7.5,2016,9,15
9/15/2016,156,152,4,2016,9,15
9/15/2016,158,157,1,2016,9,15
9/16/2016,81.5,74,7.5,2016,9,16
9/16/2016,156,152,4,2016,9,16
9/16/2016,159,157,2,2016,9,16
9/17/2016,81.5,74,7.5,2016,9,17
9/17/2016,156,152,4,2016,9,17
9/17/2016,158.5,157,1.5,2016,9,17
9/18/2016,80,74,6,2016,9,18
9/18/2016,156,152,4,2016,9,18
9/18/2016,158.5,157,1.5,2016,9,18
9/19/2016,82,74,8,2016,9,19
9/19/2016,156,152.5,3.5,2016,9,19
9/19/2016,161,157,4,2016,9,19
9/2/2016,156,152.5,3.5,2016,9,2
9/20/2016,82,74,8,2016,9,20
9/20/2016,156,151.5,4.5,2016,9,20
9/20/2016,161,157,4,2016,9,20
9/21/2016,82,74,8,2016,9,21
9/21/2016,156,151.5,4.5,2016,9,21
9/21/2016,161,157,4,2016,9,21
9/22/2016,82,74,8,2016,9,22
9/22/2016,156,151,5,2016,9,22
9/22/2016,161.5,157,4.5,2016,9,22
9/23/2016,82,74,8,2016,9,23
9/23/2016,156,151.5,4.5,2016,9,23
9/23/2016,161.5,157,4.5,2016,9,23
9/24/2016,84,74,10,2016,9,24
9/24/2016,156,152.5,3.5,2016,9,24
9/24/2016,161,157,4,2016,9,24
9/25/2016,87.5,74,13.5,2016,9,25
9/25/2016,156,152.5,3.5,2016,9,25
9/25/2016,161,157,4,2016,9,25
9/26/2016,87,74,13,2016,9,26
9/26/2016,156,152.5,3.5,2016,9,26
9/26/2016,161,157,4,2016,9,26
9/3/2016,157,152.5,4.5,2016,9,3
9/30/2016,78.5,74,4.5,2016,9,30
9/4/2016,156.5,152.5,4,2016,9,4
9/5/2016,157,152.5,4.5,2016,9,5
9/6/2016,85,74,11,2016,9,6
9/6/2016,157.5,152.5,5,2016,9,6
9/7/2016,82,74,8,2016,9,7
9/7/2016,155.5,152.5,3,2016,9,7
9/8/2016,155,152.5,2.5,2016,9,8
9/9/2016,83,74,9,2016,9,9
9/9/2016,156,152,4,2016,9,9
9/9/2016,157.5,157,0.5,2016,9,9
7/10/2017,81.5,79.2,2.3,2017,7,10
7/11/2017,83.2,79.2,4.1,2017,7,11
7/12/2017,83.5,76.4,7.2,2017,7,12
7/13/2017,85,77.2,7.9,2017,7,13
7/14/2017,85.5,76.2,9.3,2017,7,14
7/15/2017,85.8,76.2,9.6,2017,7,15
7/16/2017,85.1,76.2,8.9,2017,7,16
7/17/2017,87.8,76.2,11.6,2017,7,17
7/18/2017,88.9,76.2,12.7,2017,7,18
7/19/2017,88.7,76.2,12.6,2017,7,19
7/20/2017,88.9,76.2,12.8,2017,7,20
7/21/2017,88.8,76.2,12.6,2017,7,21
7/22/2017,88.6,76.2,12.5,2017,7,22
7/23/2017,83.2,76.2,7.1,2017,7,23
7/24/2017,84.9,76.2,8.7,2017,7,24
7/25/2017,86.3,73.9,12.5,2017,7,25
7/26/2017,87.9,73.9,14,2017,7,26
7/27/2017,87.2,73.9,13.3,2017,7,27
7/28/2017,89,73.9,15.2,2017,7,28
7/29/2017,89.6,73.9,15.7,2017,7,29
7/30/2017,81.9,73.9,8,2017,7,30
7/31/2017,75.6,73.9,1.8,2017,7,31
7/9/2017,80.6,79.2,1.4,2017,7,9
8/20/2017,82,79.1,2.9,2017,8,20
8/21/2017,82.1,73.8,8.3,2017,8,21
8/22/2017,80.4,73.8,6.6,2017,8,22
8/23/2017,83.3,73.8,9.4,2017,8,23
8/24/2017,75.2,73.8,1.4,2017,8,24
8/25/2017,78.8,73.8,5,2017,8,25
8/26/2017,79.9,73.8,6,2017,8,26
8/27/2017,82,73.8,8.2,2017,8,27
8/28/2017,82.8,73.8,9,2017,8,28
8/29/2017,80.4,73.8,6.6,2017,8,29
8/30/2017,77.1,73.8,3.3,2017,8,30
8/31/2017,80.4,73.8,6.5,2017,8,31
9/1/2017,80.5,73.8,6.7,2017,9,1
9/10/2017,91.7,73.8,17.8,2017,9,10
9/10/2017,153.8,152.5,1.3,2017,9,10
9/11/2017,94.1,73.8,20.3,2017,9,11
9/11/2017,154.2,152.4,1.8,2017,9,11
9/12/2017,95.1,73.8,21.2,2017,9,12
9/12/2017,154.1,152.5,1.6,2017,9,12
9/13/2017,95.1,73.8,21.3,2017,9,13
9/13/2017,153.8,152.5,1.3,2017,9,13
9/14/2017,94.5,73.8,20.7,2017,9,14
9/15/2017,94.5,73.8,20.7,2017,9,15
9/16/2017,94.2,73.8,20.4,2017,9,16
9/16/2017,153.5,152.7,0.8,2017,9,16
9/17/2017,93.8,73.8,19.9,2017,9,17
9/18/2017,93.5,73.8,19.7,2017,9,18
9/19/2017,93.3,73.8,19.5,2017,9,19
9/2/2017,79.9,73.8,6,2017,9,2
9/20/2017,93.2,73.8,19.4,2017,9,20
9/21/2017,93.4,73.8,19.6,2017,9,21
9/21/2017,153.5,152.7,0.8,2017,9,21
9/22/2017,92.8,73.8,19,2017,9,22
9/22/2017,153.7,152.6,1.1,2017,9,22
9/23/2017,92.7,73.8,18.9,2017,9,23
9/24/2017,92.7,73.8,18.9,2017,9,24
9/25/2017,92.6,73.8,18.8,2017,9,25
9/26/2017,92.5,73.8,18.7,2017,9,26
9/27/2017,92.3,73.8,18.5,2017,9,27
9/28/2017,86.1,73.8,12.3,2017,9,28
9/3/2017,81.5,73.8,7.7,2017,9,3
9/3/2017,154.1,152.7,1.4,2017,9,3
9/4/2017,81.6,73.8,7.8,2017,9,4
9/4/2017,154,152.7,1.3,2017,9,4
9/5/2017,81.2,73.8,7.4,2017,9,5
9/5/2017,154.3,152.6,1.7,2017,9,5
9/6/2017,81.3,73.8,7.5,2017,9,6
9/6/2017,154.1,152.5,1.6,2017,9,6
9/7/2017,84.8,73.8,11,2017,9,7
9/7/2017,154.4,152.3,2.1,2017,9,7
9/8/2017,86,73.8,12.1,2017,9,8
9/8/2017,154.3,152,2.3,2017,9,8
9/9/2017,89.3,73.8,15.5,2017,9,9
9/9/2017,154.4,152.5,1.9,2017,9,9
10/1/2018,156.9,152.4,4.42,2018,10,1
10/1/2018,86.7,73.9,12.85,2018,10,1
10/10/2018,154.9,152.4,2.41,2018,10,10
10/10/2018,80.6,73.9,6.72,2018,10,10
10/11/2018,155.3,152.5,2.8,2018,10,11
10/11/2018,78.3,73.9,4.42,2018,10,11
10/12/2018,155.3,152.5,2.83,2018,10,12
10/12/2018,77.5,73.9,3.68,2018,10,12
10/13/2018,156.3,151.7,4.56,2018,10,13
10/13/2018,82.6,73.9,8.72,2018,10,13
10/14/2018,155.6,152.6,2.98,2018,10,14
10/14/2018,81.2,73.9,7.38,2018,10,14
10/15/2018,154.6,152.6,1.98,2018,10,15
10/15/2018,81.3,73.9,7.45,2018,10,15
10/16/2018,155.3,152.6,2.67,2018,10,16
10/16/2018,82.5,73.9,8.64,2018,10,16
10/17/2018,81.4,73.9,7.55,2018,10,17
10/18/2018,78.4,73.9,4.56,2018,10,18
10/19/2018,77.2,73.9,3.33,2018,10,19
10/2/2018,156.7,152.4,4.22,2018,10,2
10/2/2018,86.6,73.9,12.75,2018,10,2
10/3/2018,156.7,152.4,4.22,2018,10,3
10/3/2018,79.5,73.9,5.69,2018,10,3
10/4/2018,156.4,152.4,3.99,2018,10,4
10/4/2018,84.8,73.9,10.93,2018,10,4
10/5/2018,155.1,152.4,2.66,2018,10,5
10/5/2018,87.3,73.9,13.4,2018,10,5
10/6/2018,155.1,152.4,2.69,2018,10,6
10/6/2018,87.6,73.9,13.78,2018,10,6
10/7/2018,155.1,152.4,2.64,2018,10,7
10/7/2018,88.2,73.9,14.38,2018,10,7
10/8/2018,155.1,152.4,2.66,2018,10,8
10/8/2018,83.1,73.9,9.28,2018,10,8
10/9/2018,154.9,152.4,2.42,2018,10,9
10/9/2018,82.3,73.9,8.49,2018,10,9
4/1/2018,74.5,74,0.48,2018,4,1
4/10/2018,88,74,14.07,2018,4,10
4/11/2018,88.2,74,14.27,2018,4,11
4/12/2018,88.8,74,14.78,2018,4,12
4/13/2018,89.1,74,15.14,2018,4,13
4/14/2018,89.1,74,15.09,2018,4,14
4/15/2018,88.5,74,14.56,2018,4,15
4/16/2018,88.8,74,14.79,2018,4,16
4/17/2018,88.8,74,14.86,2018,4,17
4/18/2018,89.1,74,15.1,2018,4,18
4/19/2018,89,74,14.98,2018,4,19
4/2/2018,76.3,74,2.3,2018,4,2
4/20/2018,89.6,74,15.58,2018,4,20
4/21/2018,89.3,74,15.28,2018,4,21
4/22/2018,89.2,74,15.27,2018,4,22
4/23/2018,89.1,74,15.17,2018,4,23
4/24/2018,88.8,74,14.86,2018,4,24
4/25/2018,89.6,74,15.63,2018,4,25
4/26/2018,89.7,74,15.74,2018,4,26
4/27/2018,90.8,74,16.82,2018,4,27
4/28/2018,91.5,74,17.5,2018,4,28
4/29/2018,92.1,74,18.17,2018,4,29
4/3/2018,77.4,74,3.46,2018,4,3
4/30/2018,92.9,74,18.9,2018,4,30
4/4/2018,81.8,74,7.82,2018,4,4
4/5/2018,83.1,74,9.16,2018,4,5
4/6/2018,83.1,74,9.16,2018,4,6
4/7/2018,83.9,74,9.9,2018,4,7
4/8/2018,85.8,74,11.83,2018,4,8
4/9/2018,86.9,74,12.96,2018,4,9
5/1/2018,93,74,18.98,2018,5,1
5/10/2018,93.5,74,19.56,2018,5,10
5/11/2018,93.7,74,19.73,2018,5,11
5/12/2018,93.8,74,19.88,2018,5,12
5/13/2018,94,74,20.03,2018,5,13
5/14/2018,94,74,19.98,2018,5,14
5/15/2018,93.9,74,19.94,2018,5,15
5/16/2018,94,74,20.04,2018,5,16
5/17/2018,94.3,74,20.3,2018,5,17
5/18/2018,94.5,74,20.48,2018,5,18
5/19/2018,94.3,74,20.31,2018,5,19
5/2/2018,93.2,74,19.19,2018,5,2
5/20/2018,94.4,74,20.4,2018,5,20
5/21/2018,94.5,74,20.52,2018,5,21
5/22/2018,87.6,74,13.59,2018,5,22
5/23/2018,92.2,74,18.2,2018,5,23
5/24/2018,93,74,19.08,2018,5,24
5/25/2018,93,74,19.08,2018,5,25
5/26/2018,92.6,74,18.64,2018,5,26
5/27/2018,92.1,74,18.16,2018,5,27
5/28/2018,92.1,74,18.14,2018,5,28
5/29/2018,92.7,74,18.71,2018,5,29
5/3/2018,93.1,74,19.15,2018,5,3
5/30/2018,92.5,74,18.58,2018,5,30
5/31/2018,154.6,153.5,1.1,2018,5,31
5/31/2018,92.3,74,18.33,2018,5,31
5/4/2018,92.9,74,18.95,2018,5,4
5/5/2018,93.1,74,19.09,2018,5,5
5/6/2018,93.1,74,19.11,2018,5,6
5/7/2018,93.1,74,19.17,2018,5,7
5/8/2018,93.2,74,19.18,2018,5,8
5/9/2018,93.3,74,19.33,2018,5,9
6/1/2018,154.6,152.3,2.32,2018,6,1
6/1/2018,92.8,74,18.88,2018,6,1
6/10/2018,152,152,0.03,2018,6,10
6/10/2018,94.3,74,20.31,2018,6,10
6/11/2018,94,74,20.05,2018,6,11
6/12/2018,94,74,20,2018,6,12
6/13/2018,154.2,152.8,1.4,2018,6,13
6/13/2018,93.9,74,19.96,2018,6,13
6/14/2018,154.8,152.3,2.53,2018,6,14
6/14/2018,93.9,74,19.94,2018,6,14
6/15/2018,155,152.4,2.55,2018,6,15
6/15/2018,93.8,74,19.88,2018,6,15
6/16/2018,154.8,152.4,2.4,2018,6,16
6/16/2018,93.8,74,19.83,2018,6,16
6/17/2018,153.6,152.4,1.15,2018,6,17
6/17/2018,93.6,74,19.63,2018,6,17
6/18/2018,93.6,74,19.6,2018,6,18
6/19/2018,93.4,74,19.47,2018,6,19
6/2/2018,154.3,152,2.39,2018,6,2
6/2/2018,93.1,74,19.16,2018,6,2
6/20/2018,90.7,74,16.71,2018,6,20
6/21/2018,92.8,74,18.81,2018,6,21
6/22/2018,93.5,74,19.55,2018,6,22
6/23/2018,93.9,74,19.89,2018,6,23
6/24/2018,95.7,74,21.69,2018,6,24
6/25/2018,155.3,152.6,2.67,2018,6,25
6/25/2018,96.5,74,22.48,2018,6,25
6/26/2018,155.3,152,3.32,2018,6,26
6/26/2018,96.4,74,22.4,2018,6,26
6/27/2018,155.6,151.7,3.91,2018,6,27
6/27/2018,96.2,74,22.25,2018,6,27
6/28/2018,155.8,151.4,4.37,2018,6,28
6/28/2018,96.6,74,22.63,2018,6,28
6/29/2018,155.9,151.2,4.69,2018,6,29
6/29/2018,96.5,74,22.53,2018,6,29
6/3/2018,154.6,152,2.65,2018,6,3
6/3/2018,95,74,21.06,2018,6,3
6/30/2018,156,151.2,4.75,2018,6,30
6/30/2018,96.2,74,22.24,2018,6,30
6/4/2018,87.8,74,13.79,2018,6,4
6/5/2018,93.6,74,19.6,2018,6,5
6/6/2018,93,74,19.01,2018,6,6
6/7/2018,92.9,74,18.89,2018,6,7
6/8/2018,92.9,74,18.9,2018,6,8
6/9/2018,153.6,152.9,0.7,2018,6,9
6/9/2018,94.3,74,20.32,2018,6,9
7/1/2018,156,151.2,4.77,2018,7,1
7/1/2018,96.3,74,22.29,2018,7,1
7/10/2018,56.5,54.6,1.92,2018,7,10
7/10/2018,96.7,63.4,33.36,2018,7,10
7/11/2018,57,54.5,2.43,2018,7,11
7/11/2018,96.4,62.8,33.54,2018,7,11
7/12/2018,56.8,54.5,2.26,2018,7,12
7/12/2018,61.1,60.4,0.74,2018,7,12
7/12/2018,96.4,62.9,33.52,2018,7,12
7/13/2018,56.7,54.5,2.23,2018,7,13
7/13/2018,61.1,60.4,0.74,2018,7,13
7/13/2018,96.3,63.4,32.92,2018,7,13
7/14/2018,56.5,54.5,2.03,2018,7,14
7/14/2018,60.6,60.4,0.19,2018,7,14
7/14/2018,96,63.4,32.6,2018,7,14
7/15/2018,57,54.5,2.46,2018,7,15
7/15/2018,61.1,60.4,0.74,2018,7,15
7/15/2018,83.5,63.4,20.18,2018,7,15
7/16/2018,83.9,63.9,19.97,2018,7,16
7/17/2018,71.9,63.8,8.08,2018,7,17
7/18/2018,56.1,54.7,1.44,2018,7,18
7/19/2018,153.6,152.7,0.84,2018,7,19
7/19/2018,84.8,63.8,20.98,2018,7,19
7/2/2018,155.6,151.2,4.35,2018,7,2
7/2/2018,96.4,73.9,22.45,2018,7,2
7/20/2018,155.9,152.4,3.47,2018,7,20
7/20/2018,56,54.9,1.08,2018,7,20
7/20/2018,85,63.7,21.32,2018,7,20
7/21/2018,154.8,152.1,2.7,2018,7,21
7/21/2018,56.3,54.8,1.52,2018,7,21
7/21/2018,85.8,63.7,22.09,2018,7,21
7/22/2018,154.9,152,2.88,2018,7,22
7/22/2018,56.5,54.7,1.73,2018,7,22
7/22/2018,60.5,60.5,0.05,2018,7,22
7/22/2018,91.4,63.4,27.98,2018,7,22
7/23/2018,155,151.7,3.31,2018,7,23
7/23/2018,56.5,54.6,1.9,2018,7,23
7/23/2018,60.6,60.5,0.18,2018,7,23
7/23/2018,91.5,63.4,28.11,2018,7,23
7/24/2018,155.2,152.4,2.71,2018,7,24
7/24/2018,56.8,54.6,2.22,2018,7,24
7/24/2018,60.8,60.5,0.36,2018,7,24
7/24/2018,91.5,63.4,28.19,2018,7,24
7/25/2018,134.1,133.3,0.79,2018,7,25
7/25/2018,155,152.5,2.5,2018,7,25
7/25/2018,56.7,54.6,2.09,2018,7,25
7/25/2018,60.7,60.4,0.36,2018,7,25
7/25/2018,91.9,63.4,28.57,2018,7,25
7/26/2018,134,133.2,0.77,2018,7,26
7/26/2018,56.5,54.5,1.9,2018,7,26
7/26/2018,91.7,63.4,28.34,2018,7,26
7/27/2018,56,54.5,1.46,2018,7,27
7/27/2018,68.3,63.4,4.99,2018,7,27
7/3/2018,155.9,152.5,3.38,2018,7,3
7/3/2018,97,73.8,23.13,2018,7,3
7/4/2018,155.9,152.4,3.47,2018,7,4
7/4/2018,64.4,64.1,0.3,2018,7,4
7/4/2018,96.7,73.8,22.9,2018,7,4
7/5/2018,156,152.4,3.56,2018,7,5
7/5/2018,64.6,63.4,1.23,2018,7,5
7/5/2018,97,73.8,23.1,2018,7,5
7/6/2018,155.6,152.4,3.12,2018,7,6
7/6/2018,63.7,63.4,0.3,2018,7,6
7/6/2018,97.2,73.8,23.33,2018,7,6
7/7/2018,67.2,63.4,3.78,2018,7,7
7/7/2018,97.1,73.8,23.25,2018,7,7
7/8/2018,68,62.9,5.1,2018,7,8
7/8/2018,97.5,73.8,23.72,2018,7,8
7/9/2018,69.2,62.8,6.31,2018,7,9
7/9/2018,97.2,70.3,26.89,2018,7,9
8/10/2018,91.9,74,17.93,2018,8,10
8/11/2018,93.3,74,19.37,2018,8,11
8/12/2018,89.3,74,15.35,2018,8,12
8/13/2018,90.7,74,16.73,2018,8,13
8/14/2018,84.3,74,10.28,2018,8,14
8/17/2018,91.6,74,17.63,2018,8,17
8/18/2018,90.2,74,16.23,2018,8,18
8/19/2018,92.2,74,18.17,2018,8,19
8/20/2018,93.3,74,19.37,2018,8,20
8/21/2018,94.6,74,20.62,2018,8,21
8/22/2018,90.5,74,16.57,2018,8,22
8/3/2018,81.4,77,4.33,2018,8,3
8/4/2018,88.2,75.6,12.66,2018,8,4
8/5/2018,85.3,74,11.37,2018,8,5
8/6/2018,86.4,74,12.44,2018,8,6
8/7/2018,89.1,74,15.08,2018,8,7
8/8/2018,91.8,74,17.77,2018,8,8
8/9/2018,155.1,152.7,2.44,2018,8,9
8/9/2018,92.5,74,18.47,2018,8,9
9/1/2018,81.7,77.8,3.87,2018,9,1
9/10/2018,154.6,152.4,2.1,2018,9,10
9/11/2018,154.5,152.4,2.05,2018,9,11
9/11/2018,80.7,73.9,6.85,2018,9,11
9/12/2018,154.5,152.4,2.09,2018,9,12
9/12/2018,81.8,73.9,7.89,2018,9,12
9/13/2018,154.4,152.4,2,2018,9,13
9/13/2018,83.3,73.9,9.45,2018,9,13
9/14/2018,154.4,152.4,2,2018,9,14
9/14/2018,83.7,73.9,9.81,2018,9,14
9/15/2018,155,152.4,2.55,2018,9,15
9/15/2018,84.7,73.9,10.82,2018,9,15
9/16/2018,155.1,152.4,2.63,2018,9,16
9/16/2018,85.5,73.9,11.61,2018,9,16
9/17/2018,158.1,152.4,5.68,2018,9,17
9/17/2018,86.4,73.9,12.57,2018,9,17
9/18/2018,157.7,151.5,6.2,2018,9,18
9/18/2018,87.8,73.9,13.95,2018,9,18
9/19/2018,157.7,151.7,6.02,2018,9,19
9/19/2018,92.1,73.9,18.28,2018,9,19
9/20/2018,157.3,151.5,5.83,2018,9,20
9/20/2018,91.8,73.9,17.97,2018,9,20
9/21/2018,157.3,152.4,4.86,2018,9,21
9/21/2018,84.8,73.9,10.96,2018,9,21
9/22/2018,155.1,152.4,2.65,2018,9,22
9/22/2018,84.3,73.9,10.4,2018,9,22
9/23/2018,157.2,152.4,4.77,2018,9,23
9/23/2018,84,73.9,10.11,2018,9,23
9/24/2018,157.2,152.4,4.73,2018,9,24
9/24/2018,84.5,73.9,10.61,2018,9,24
9/25/2018,157.3,152.4,4.86,2018,9,25
9/25/2018,85.7,73.9,11.88,2018,9,25
9/26/2018,157,152.4,4.56,2018,9,26
9/26/2018,84.9,73.9,11.07,2018,9,26
9/27/2018,157.2,152.4,4.77,2018,9,27
9/27/2018,84.7,73.9,10.86,2018,9,27
9/28/2018,156.8,152.4,4.32,2018,9,28
9/28/2018,84.9,73.9,11.07,2018,9,28
9/29/2018,157,151.7,5.26,2018,9,29
9/29/2018,85.3,73.9,11.41,2018,9,29
9/3/2018,84.7,74.7,10.05,2018,9,3
9/30/2018,157.8,152.4,5.3,2018,9,30
9/30/2018,85.9,73.9,12.06,2018,9,30
9/4/2018,86,73.9,12.13,2018,9,4
9/5/2018,152.8,152.8,0.01,2018,9,5
9/5/2018,83.7,73.9,9.85,2018,9,5
9/6/2018,154.7,152.4,2.25,2018,9,6
9/7/2018,157.3,152.4,4.92,2018,9,7
9/8/2018,157.2,152.4,4.8,2018,9,8
9/9/2018,154.8,152.4,2.4,2018,9,9
